업소명,주요메뉴,리뷰,위치,최근 한달간 블로그 리뷰 개수
안동장,중식당,중앙대 근처에서 간짜장이 먹고 싶다면 나름 괜찮은 선택지 중 하나라고 생각됩니다 😅,서울특별시 동작구 흑석로 105-1 (흑석동),2건
안동장,중식당,항상 방문하는곳인데 고추짬뽕 맛있어요~! 해산물 양은 그때그때 랜덤인데 쪼끔 아쉽긴합니다ㅜ,서울특별시 동작구 흑석로 105-1 (흑석동),2건
안동장,중식당,탕수육.양장피.삼선짬뽕.누룽지탕.잡채밥 다 맛있네요.싱싱하고.동네를 대표하는 중국집이라는 게 느껴져요.,서울특별시 동작구 흑석로 105-1 (흑석동),2건
안동장,중식당,"맛있어요 
탕수육,팔보채 냉채등등",서울특별시 동작구 흑석로 105-1 (흑석동),2건
안동장,중식당,짬뽕이 미지근하고 재료가 넘 부실ㅠㅠ,서울특별시 동작구 흑석로 105-1 (흑석동),2건
안동장,중식당,짬뽕 깔끔해요 추천합니다,서울특별시 동작구 흑석로 105-1 (흑석동),2건
안동장,중식당,생각 보다 별로 친절도 별로  메뉴 늦개고른다고 와서  아직안됐내고 물어봄  음식은 평범 서비스는  최하 공간만 번지르르 다시는  안갈거임,서울특별시 동작구 흑석로 105-1 (흑석동),2건
안동장,중식당,"여기 맛은있는데. 현금영수증 지출증빙 해달라 하니 안해주고 오래도 걸리네요 보통 탈세를 하는 곳이 현금영수증 울 안해주고 버팅기더라구요. 
여기 직원들이모두 카운터를 오가며  현금영수증 을 할 줄 모른다고  해서 황당했습니다. 저처럼 집요하게 이야기 하지 않으면 안끊어주네요.  학
생들은 현금영수증 안해주면 신고하세요. 이런 업체들 때문에 여유없는 사람이 매장되면 죽는겁니다.  여유있는 사람은 절대 죽지 않아요. ...",서울특별시 동작구 흑석로 105-1 (흑석동),2건
안동장,중식당,조용하고 깨끗행ᆢ,서울특별시 동작구 흑석로 105-1 (흑석동),2건
안동장,중식당,중국냉면 맛 있음 ,서울특별시 동작구 흑석로 105-1 (흑석동),2건
안동장,중식당,맛있게 먹었습니다,서울특별시 동작구 흑석로 105-1 (흑석동),2건
안동장,중식당,공기밥이 1500 원이네요,서울특별시 동작구 흑석로 105-1 (흑석동),2건
안동장,중식당,1인분도 친절하고 빠르게 배달해주셔서 좋아요,서울특별시 동작구 흑석로 105-1 (흑석동),2건
안동장,중식당,.,서울특별시 동작구 흑석로 105-1 (흑석동),2건
안동장,중식당,배달해서 먹었는데 양도 많고 맛있어요~~~,서울특별시 동작구 흑석로 105-1 (흑석동),2건
안동장,중식당,조아요요요,서울특별시 동작구 흑석로 105-1 (흑석동),2건
안동장,중식당,"너무 맛있어서 사진도 못찍고 그냥 정신없이 먹었습니다
홀에 매니져님 정말친절하시고
좋으셔요 강추입니다",서울특별시 동작구 흑석로 105-1 (흑석동),2건
안동장,중식당,맛이 좋아서 자주가는데 가끔 짜장면이  불은면을 주네요 얘기해도 직원이 걍 무시함 그것만 보안하면 최고의맛,서울특별시 동작구 흑석로 105-1 (흑석동),2건
안동장,중식당,ㄷㅎ,서울특별시 동작구 흑석로 105-1 (흑석동),2건
안동장,중식당,"중앙대 병원앞 중식당
모임 많이들 합니다.",서울특별시 동작구 흑석로 105-1 (흑석동),2건
안동장,중식당,좋아요,서울특별시 동작구 흑석로 105-1 (흑석동),2건
안동장,중식당,굿,서울특별시 동작구 흑석로 105-1 (흑석동),2건
안동장,중식당,자장면맛있어요,서울특별시 동작구 흑석로 105-1 (흑석동),2건
안동장,중식당,좋아요,서울특별시 동작구 흑석로 105-1 (흑석동),2건
안동장,중식당,집근처에 이런 곳 있어서 너무 좋습니다 ㅋㅋ,서울특별시 동작구 흑석로 105-1 (흑석동),2건
안동장,중식당,좋아요,서울특별시 동작구 흑석로 105-1 (흑석동),2건
안동장,중식당,좋아요,서울특별시 동작구 흑석로 105-1 (흑석동),2건
안동장,중식당,맛있어요 ,서울특별시 동작구 흑석로 105-1 (흑석동),2건
안동장,중식당,"탕수육그릇테두리에 소스 묻은거 잘 닦아서 나오면 좋겠어요ㅠ
대충 슥 닦아서 나오니까 좀 그렇네유",서울특별시 동작구 흑석로 105-1 (흑석동),2건
안동장,중식당,맛있어요,서울특별시 동작구 흑석로 105-1 (흑석동),2건
신부양각,중식당,친절해요 ,서울특별시 동작구 양녕로 191 (상도동),0건
신부양각,중식당,좋아요,서울특별시 동작구 양녕로 191 (상도동),0건
신부양각,중식당,좋아요,서울특별시 동작구 양녕로 191 (상도동),0건
신부양각,중식당,굿,서울특별시 동작구 양녕로 191 (상도동),0건
신부양각,중식당,"창렬도 이런 창렬이 없습니다.
사진에 보이는 탕수육이 단품매뉴 소자 양입니다.
세트 메뉴의 양보다 적다는게 함정이죠.",서울특별시 동작구 양녕로 191 (상도동),0건
신부양각,중식당,🤩,서울특별시 동작구 양녕로 191 (상도동),0건
신부양각,중식당,굿,서울특별시 동작구 양녕로 191 (상도동),0건
신부양각,중식당,맛있어요,서울특별시 동작구 양녕로 191 (상도동),0건
신부양각,중식당,한그릇도 배달해주셔서 감사합니다,서울특별시 동작구 양녕로 191 (상도동),0건
신부양각,중식당,친절해요,서울특별시 동작구 양녕로 191 (상도동),0건
순대나라,"순대,순댓국",맛은 무난해요. 리모델링해서 깔끔하네요!,서울특별시 동작구 서달로12가길 5 (흑석동),37건
순대나라,"순대,순댓국",새단장 해서 깨끗하고 맛있어요^^,서울특별시 동작구 서달로12가길 5 (흑석동),37건
순대나라,"순대,순댓국",3개월만에 다시 열었는데 더 맛있어졌어요ㆍ 번창하세요 👍,서울특별시 동작구 서달로12가길 5 (흑석동),37건
순대나라,"순대,순댓국",굿,서울특별시 동작구 서달로12가길 5 (흑석동),37건
순대나라,"순대,순댓국",새단장 했어요 ,서울특별시 동작구 서달로12가길 5 (흑석동),37건
순대나라,"순대,순댓국",굿,서울특별시 동작구 서달로12가길 5 (흑석동),37건
순대나라,"순대,순댓국",푸짐한것같고 맛은 무난좋아요 8000원,서울특별시 동작구 서달로12가길 5 (흑석동),37건
순대나라,"순대,순댓국",좋아요,서울특별시 동작구 서달로12가길 5 (흑석동),37건
순대나라,"순대,순댓국",좋아요 ,서울특별시 동작구 서달로12가길 5 (흑석동),37건
순대나라,"순대,순댓국",굿,서울특별시 동작구 서달로12가길 5 (흑석동),37건
순대나라,"순대,순댓국",굿,서울특별시 동작구 서달로12가길 5 (흑석동),37건
순대나라,"순대,순댓국",흠,서울특별시 동작구 서달로12가길 5 (흑석동),37건
순대나라,"순대,순댓국",굿,서울특별시 동작구 서달로12가길 5 (흑석동),37건
순대나라,"순대,순댓국",레트로 매장이라고 해야지 이정도는,서울특별시 동작구 서달로12가길 5 (흑석동),37건
순대나라,"순대,순댓국","싸고 맛있어요
해장하러 갔다가 살아돌아왔어요",서울특별시 동작구 서달로12가길 5 (흑석동),37건
순대나라,"순대,순댓국",냄새도 안나고 맛있었습니당,서울특별시 동작구 서달로12가길 5 (흑석동),37건
순대나라,"순대,순댓국",순대국밥 맛있어요!,서울특별시 동작구 서달로12가길 5 (흑석동),37건
순대나라,"순대,순댓국",잡내 없이 맛있습니다.,서울특별시 동작구 서달로12가길 5 (흑석동),37건
순대나라,"순대,순댓국",맛있게 먹긴 했지만 좀...,서울특별시 동작구 서달로12가길 5 (흑석동),37건
순대나라,"순대,순댓국",잡내안나고 맛있어요 👍,서울특별시 동작구 서달로12가길 5 (흑석동),37건
순대나라,"순대,순댓국",좋아요  맛있어요,서울특별시 동작구 서달로12가길 5 (흑석동),37건
순대나라,"순대,순댓국",너무 맛있고 사장님도 친절하세용,서울특별시 동작구 서달로12가길 5 (흑석동),37건
순대나라,"순대,순댓국",옛날시장에서 볼수있는곳 환경은 깨끗하지 않습니다.,서울특별시 동작구 서달로12가길 5 (흑석동),37건
순대나라,"순대,순댓국",순대국집은 수도권에선 여기가 최고 맛집,서울특별시 동작구 서달로12가길 5 (흑석동),37건
순대나라,"순대,순댓국",순대국이 맛있어요,서울특별시 동작구 서달로12가길 5 (흑석동),37건
순대나라,"순대,순댓국",손님이 많아요,서울특별시 동작구 서달로12가길 5 (흑석동),37건
순대나라,"순대,순댓국",좋아요,서울특별시 동작구 서달로12가길 5 (흑석동),37건
순대나라,"순대,순댓국",좋아요,서울특별시 동작구 서달로12가길 5 (흑석동),37건
순대나라,"순대,순댓국",굿굿,서울특별시 동작구 서달로12가길 5 (흑석동),37건
순대나라,"순대,순댓국",맛있어요,서울특별시 동작구 서달로12가길 5 (흑석동),37건
우슬재,한식,"우연히 지인과 방문했어요~ 연포탕 먹었는데 엄청 맛있었어요! 방문해서 손님들이왔는데  혼밥하기는 좀 어렵다는 사장님.. 혼자 일하시느라 힘
드실꺼 같더라구요ㅠ 그럼에도 불구하고 밑반찬도 다양하고~ 다양한 밑반찬 너무맛나고>_< 단골될꺼같아요ㅎㅎ 너무맛있게 잘먹고가요사장님
^^",서울특별시 동작구 현충로 94 (흑석동),0건
우슬재,한식,반찬 갑오징어 굳,서울특별시 동작구 현충로 94 (흑석동),0건
우슬재,한식,연포탕 굳,서울특별시 동작구 현충로 94 (흑석동),0건
우슬재,한식,굿,서울특별시 동작구 현충로 94 (흑석동),0건
우슬재,한식,맛있었어요 술이 다네유,서울특별시 동작구 현충로 94 (흑석동),0건
우슬재,한식,맛있어여,서울특별시 동작구 현충로 94 (흑석동),0건
우슬재,한식,맛있고 밑반찬 엄청 많아요~,서울특별시 동작구 현충로 94 (흑석동),0건
우슬재,한식,너무 맛있게 먹었어요! 단골손님들이 많은 이유를 알겠어요!,서울특별시 동작구 현충로 94 (흑석동),0건
우슬재,한식,좋아여~^^,서울특별시 동작구 현충로 94 (흑석동),0건
정은식당,한식,"반찬 하나하나 직접 만드신 이 곳을 
다른 곳과 어떻게 비교 할가요",서울특별시 동작구 노량진로6길 6-8 (노량진동),9건
정은식당,한식,항상 따뜻하게 맞아주셔서 고맙습니다. 오늘도 잘 먹고 갑니다..,서울특별시 동작구 노량진로6길 6-8 (노량진동),9건
정은식당,한식,좋아요,서울특별시 동작구 노량진로6길 6-8 (노량진동),9건
정은식당,한식,맛있어요 자주 이용합니다,서울특별시 동작구 노량진로6길 6-8 (노량진동),9건
정은식당,한식,장어가 너무 맛있고 할머니 손맛을 맛볼 수 있어요!!사장님 인심도 최고랍니다~,서울특별시 동작구 노량진로6길 6-8 (노량진동),9건
정은식당,한식,사장님표 장어구이 짱이예요~~,서울특별시 동작구 노량진로6길 6-8 (노량진동),9건
정은식당,한식,여사장님 친절하셔요~~^^,서울특별시 동작구 노량진로6길 6-8 (노량진동),9건
신대방빨강떡볶이,떡볶이,"괜찮은데 전 꼭지가 더 취향
튀김은 이쪽이","서울특별시 동작구 여의대방로24길 60, 지상1층 (신대방동)",1건
신대방빨강떡볶이,떡볶이,"생각보다맛있어요!
매운것먹고싶을때,자꾸자꾸생각날것같네요!","서울특별시 동작구 여의대방로24길 60, 지상1층 (신대방동)",1건
신대방빨강떡볶이,떡볶이,"맛있고 푸짐해요
돈까스 넘나 맛있💗","서울특별시 동작구 여의대방로24길 60, 지상1층 (신대방동)",1건
신대방빨강떡볶이,떡볶이,"가성비 넘 좋구요! 맛있어요
맵찔이인데도 맛있게 매운ㅠㅠ 너무추천하는 좋아하는 떡볶이 집이에용","서울특별시 동작구 여의대방로24길 60, 지상1층 (신대방동)",1건
신대방빨강떡볶이,떡볶이,🤗,"서울특별시 동작구 여의대방로24길 60, 지상1층 (신대방동)",1건
신대방빨강떡볶이,떡볶이,맛이 예전같지 않네요;;;,"서울특별시 동작구 여의대방로24길 60, 지상1층 (신대방동)",1건
신대방빨강떡볶이,떡볶이,굿,"서울특별시 동작구 여의대방로24길 60, 지상1층 (신대방동)",1건
신대방빨강떡볶이,떡볶이,,"서울특별시 동작구 여의대방로24길 60, 지상1층 (신대방동)",1건
신대방빨강떡볶이,떡볶이,ㅇ,"서울특별시 동작구 여의대방로24길 60, 지상1층 (신대방동)",1건
신대방빨강떡볶이,떡볶이,좋아요,"서울특별시 동작구 여의대방로24길 60, 지상1층 (신대방동)",1건
신대방빨강떡볶이,떡볶이,좋아요,"서울특별시 동작구 여의대방로24길 60, 지상1층 (신대방동)",1건
신대방빨강떡볶이,떡볶이,맛집!! 정말 맛있어요,"서울특별시 동작구 여의대방로24길 60, 지상1층 (신대방동)",1건
신대방빨강떡볶이,떡볶이,깨끗한 공간에서 맛있게 드세요,"서울특별시 동작구 여의대방로24길 60, 지상1층 (신대방동)",1건
신대방빨강떡볶이,떡볶이,,"서울특별시 동작구 여의대방로24길 60, 지상1층 (신대방동)",1건
신대방빨강떡볶이,떡볶이,맛있고 좋아요,"서울특별시 동작구 여의대방로24길 60, 지상1층 (신대방동)",1건
신대방빨강떡볶이,떡볶이,베리굿,"서울특별시 동작구 여의대방로24길 60, 지상1층 (신대방동)",1건
신대방빨강떡볶이,떡볶이,맛있어요~,"서울특별시 동작구 여의대방로24길 60, 지상1층 (신대방동)",1건
신대방빨강떡볶이,떡볶이,확장이전해서 넓구 더 깔금하구 좋아여,"서울특별시 동작구 여의대방로24길 60, 지상1층 (신대방동)",1건
신대방빨강떡볶이,떡볶이,좋아요,"서울특별시 동작구 여의대방로24길 60, 지상1층 (신대방동)",1건
신대방빨강떡볶이,떡볶이,여기떡볶이 너무좋아해요 ❤,"서울특별시 동작구 여의대방로24길 60, 지상1층 (신대방동)",1건
신대방빨강떡볶이,떡볶이,굳,"서울특별시 동작구 여의대방로24길 60, 지상1층 (신대방동)",1건
신대방빨강떡볶이,떡볶이,맛있음,"서울특별시 동작구 여의대방로24길 60, 지상1층 (신대방동)",1건
신대방빨강떡볶이,떡볶이,맛있어요,"서울특별시 동작구 여의대방로24길 60, 지상1층 (신대방동)",1건
신대방빨강떡볶이,떡볶이,수제돈까스도 맛있어요~ ^^,"서울특별시 동작구 여의대방로24길 60, 지상1층 (신대방동)",1건
신대방빨강떡볶이,떡볶이,간단히 먹기 좋은곳 ㅎ,"서울특별시 동작구 여의대방로24길 60, 지상1층 (신대방동)",1건
신대방빨강떡볶이,떡볶이,그냥그래여,"서울특별시 동작구 여의대방로24길 60, 지상1층 (신대방동)",1건
신대방빨강떡볶이,떡볶이,,"서울특별시 동작구 여의대방로24길 60, 지상1층 (신대방동)",1건
신대방빨강떡볶이,떡볶이,맛있어요,"서울특별시 동작구 여의대방로24길 60, 지상1층 (신대방동)",1건
신대방빨강떡볶이,떡볶이,좋아요,"서울특별시 동작구 여의대방로24길 60, 지상1층 (신대방동)",1건
신대방빨강떡볶이,떡볶이,자주 방문합니다. 국물떡볶이가 정말 맛있어요,"서울특별시 동작구 여의대방로24길 60, 지상1층 (신대방동)",1건
비어 퀸,"맥주,호프",이동네 아저씨 아줌마 모이는 곳 ㅎㅎ;,서울특별시 동작구 서달로14길 8 (흑석동),2건
비어 퀸,"맥주,호프",굿,서울특별시 동작구 서달로14길 8 (흑석동),2건
비어 퀸,"맥주,호프",.,서울특별시 동작구 서달로14길 8 (흑석동),2건
비어 퀸,"맥주,호프",굿,서울특별시 동작구 서달로14길 8 (흑석동),2건
비어 퀸,"맥주,호프",.,서울특별시 동작구 서달로14길 8 (흑석동),2건
비어 퀸,"맥주,호프","동네 맥주집, 감자튀김 맛있어요.",서울특별시 동작구 서달로14길 8 (흑석동),2건
비어 퀸,"맥주,호프",좋아요,서울특별시 동작구 서달로14길 8 (흑석동),2건
비어 퀸,"맥주,호프",조아요,서울특별시 동작구 서달로14길 8 (흑석동),2건
비어 퀸,"맥주,호프",안주가 다 맛있어요,서울특별시 동작구 서달로14길 8 (흑석동),2건
비어 퀸,"맥주,호프",연령대가 높은 분들이 많이 오시는 것 같아요,서울특별시 동작구 서달로14길 8 (흑석동),2건
비어 퀸,"맥주,호프",^^,서울특별시 동작구 서달로14길 8 (흑석동),2건
비어 퀸,"맥주,호프",좋은 맥주집,서울특별시 동작구 서달로14길 8 (흑석동),2건
비어 퀸,"맥주,호프",잘먹었어요,서울특별시 동작구 서달로14길 8 (흑석동),2건
계림원누릉지통닭구이,"치킨,닭강정",친절해요,서울특별시 동작구 노량진로8길 8 (노량진동),0건
계림원누릉지통닭구이,"치킨,닭강정",,서울특별시 동작구 노량진로8길 8 (노량진동),0건
계림원누릉지통닭구이,"치킨,닭강정",,서울특별시 동작구 노량진로8길 8 (노량진동),0건
계림원누릉지통닭구이,"치킨,닭강정",,서울특별시 동작구 노량진로8길 8 (노량진동),0건
계림원누릉지통닭구이,"치킨,닭강정",,서울특별시 동작구 노량진로8길 8 (노량진동),0건
소문난만천곱창,"곱창,막창,양","먹어보고 너무 맛있어서 포장도 했는데
포장하니 양을 더 많이 주시는듯요
집에서 먹어도 맛있네용~",서울특별시 동작구 서달로12길 13 (흑석동),0건
소문난만천곱창,"곱창,막창,양",냄새나요..포장 뜯자마자 확 올라오는 누린내... 몇 년 전에 처음 먹었을 때 다음 날 배탈 났었는데 이번에도 그랬네요ㅠㅠㅠ 뭔가 안 맞는 재료가 있나봐요,서울특별시 동작구 서달로12길 13 (흑석동),0건
소문난만천곱창,"곱창,막창,양",동네에서 편하고 맛있게 먹기 좋아요,서울특별시 동작구 서달로12길 13 (흑석동),0건
소문난만천곱창,"곱창,막창,양",냄새가 많이 남. 친절하지 않지만 불친절한 것도 아니고 매장이 깔끔한 것 같지는 않음. ,서울특별시 동작구 서달로12길 13 (흑석동),0건
소문난만천곱창,"곱창,막창,양","굿굿
포장해서 먹으면 꿀맛
가끔씩 생각나서 사가용! 곱창 여기가 흑석에서 양많고 맛있는듯",서울특별시 동작구 서달로12길 13 (흑석동),0건
소문난만천곱창,"곱창,막창,양",곱창볶음 야채 많이 줘요ㆍ근데 곱창에서 냄새가 나네요ㆍ 야채만 먹음요,서울특별시 동작구 서달로12길 13 (흑석동),0건
소문난만천곱창,"곱창,막창,양",어렸을때부터 먹던 맛,서울특별시 동작구 서달로12길 13 (흑석동),0건
소문난만천곱창,"곱창,막창,양",,서울특별시 동작구 서달로12길 13 (흑석동),0건
소문난만천곱창,"곱창,막창,양",진짜맛있어용,서울특별시 동작구 서달로12길 13 (흑석동),0건
소문난만천곱창,"곱창,막창,양",좋아여,서울특별시 동작구 서달로12길 13 (흑석동),0건
소문난만천곱창,"곱창,막창,양",맛있어요~,서울특별시 동작구 서달로12길 13 (흑석동),0건
소문난만천곱창,"곱창,막창,양",맛있어요 ,서울특별시 동작구 서달로12길 13 (흑석동),0건
소문난만천곱창,"곱창,막창,양",굿,서울특별시 동작구 서달로12길 13 (흑석동),0건
소문난만천곱창,"곱창,막창,양",1인분 양도 많고! 곱창먹고프믄 여기에서 포장합니다~~집에서 먹는 꿀맛! 할아버지께서 볶아주시는데 맛있아용~~~!!  중딩때부터 단골이에용 추천!,서울특별시 동작구 서달로12길 13 (흑석동),0건
소문난만천곱창,"곱창,막창,양",불친절해요,서울특별시 동작구 서달로12길 13 (흑석동),0건
소문난만천곱창,"곱창,막창,양",흑석 아저씨들의 맛집ㅋㅋㅋ 맛나요,서울특별시 동작구 서달로12길 13 (흑석동),0건
소문난만천곱창,"곱창,막창,양",굿,서울특별시 동작구 서달로12길 13 (흑석동),0건
소문난만천곱창,"곱창,막창,양",좋아요,서울특별시 동작구 서달로12길 13 (흑석동),0건
소문난만천곱창,"곱창,막창,양",맛있어요~,서울특별시 동작구 서달로12길 13 (흑석동),0건
소문난만천곱창,"곱창,막창,양",진짜 존맛탱,서울특별시 동작구 서달로12길 13 (흑석동),0건
소문난만천곱창,"곱창,막창,양",오래된 단골집 야채곱창 맛잇어요…,서울특별시 동작구 서달로12길 13 (흑석동),0건
소문난만천곱창,"곱창,막창,양","사장님 무뚝뚝하시지만, 양도 많이 주시고 맛도 변함없으십니다.",서울특별시 동작구 서달로12길 13 (흑석동),0건
소문난만천곱창,"곱창,막창,양",싼맛에 곱창볶음 가끔먹으면 괜챦아요,서울특별시 동작구 서달로12길 13 (흑석동),0건
소문난만천곱창,"곱창,막창,양",좋아요,서울특별시 동작구 서달로12길 13 (흑석동),0건
소문난만천곱창,"곱창,막창,양",좋아요,서울특별시 동작구 서달로12길 13 (흑석동),0건
소문난만천곱창,"곱창,막창,양",번창하세요^^,서울특별시 동작구 서달로12길 13 (흑석동),0건
소문난만천곱창,"곱창,막창,양",굿,서울특별시 동작구 서달로12길 13 (흑석동),0건
소문난만천곱창,"곱창,막창,양",순대볶음 본연의 맛입니다. 가게 안쪽으로 매장도 넓고 좋아요,서울특별시 동작구 서달로12길 13 (흑석동),0건
소문난만천곱창,"곱창,막창,양",맛있어용 ㅠㅠㅠㅠ 인생 첫 곱창도 여기서 하고 5년째 잘 먹는즁 ~~,서울특별시 동작구 서달로12길 13 (흑석동),0건
소문난만천곱창,"곱창,막창,양",포장해올때마다 만족하는집,서울특별시 동작구 서달로12길 13 (흑석동),0건
이수찹쌀순대,"순대,순댓국",전골 순대는 냉동,"서울특별시 동작구 동작대로 123 (사당동, 1층)",5건
이수찹쌀순대,"순대,순댓국","소고기해장국
깍두기
맛집","서울특별시 동작구 동작대로 123 (사당동, 1층)",5건
이수찹쌀순대,"순대,순댓국",맛있게 잘먹었습니다.친절해서 좋아요,"서울특별시 동작구 동작대로 123 (사당동, 1층)",5건
이수찹쌀순대,"순대,순댓국",한가한 시간에 갔는데도 순대국은  먹는중간에 금방 식어버렸습니다.  조금만 더 끓여서 손님에게 주시길바랍니다,"서울특별시 동작구 동작대로 123 (사당동, 1층)",5건
이수찹쌀순대,"순대,순댓국",👍🏻👍🏻👍🏻👍🏻👍🏻,"서울특별시 동작구 동작대로 123 (사당동, 1층)",5건
이수찹쌀순대,"순대,순댓국",맛있어용,"서울특별시 동작구 동작대로 123 (사당동, 1층)",5건
이수찹쌀순대,"순대,순댓국",,"서울특별시 동작구 동작대로 123 (사당동, 1층)",5건
이수찹쌀순대,"순대,순댓국",굿,"서울특별시 동작구 동작대로 123 (사당동, 1층)",5건
이수찹쌀순대,"순대,순댓국",굳 굳,"서울특별시 동작구 동작대로 123 (사당동, 1층)",5건
이수찹쌀순대,"순대,순댓국",친절,"서울특별시 동작구 동작대로 123 (사당동, 1층)",5건
이수찹쌀순대,"순대,순댓국",친절해요,"서울특별시 동작구 동작대로 123 (사당동, 1층)",5건
이수찹쌀순대,"순대,순댓국",좋아요,"서울특별시 동작구 동작대로 123 (사당동, 1층)",5건
이수찹쌀순대,"순대,순댓국",굿,"서울특별시 동작구 동작대로 123 (사당동, 1층)",5건
이수찹쌀순대,"순대,순댓국",조아요,"서울특별시 동작구 동작대로 123 (사당동, 1층)",5건
이수찹쌀순대,"순대,순댓국",굿,"서울특별시 동작구 동작대로 123 (사당동, 1층)",5건
이수찹쌀순대,"순대,순댓국",굿,"서울특별시 동작구 동작대로 123 (사당동, 1층)",5건
다채샤브 장승배기역점,샤브샤브,"[엑스:리뷰:칼리버] (만원으로 뽕 뽑는 개 가성비) 맛 :  ⭐️⭐️⭐️⭐️ 메뉴 : ⭐️⭐️⭐️⭐️⭐️ 친절도 : ⭐️⭐️ 청결도 : ⭐️⭐️⭐️⭐️⭐️ - 무난한 샤브
샤브 맛 - 만원이라는 무시무시한 가성비 - 남 사장님, 직원분 너무 무뚝뚝함",서울특별시 동작구 상도로 166 (상도동),0건
다채샤브 장승배기역점,샤브샤브,"대부분 느끼지만 정말 불친절합니다 특히 젊은사람들한테? 주문을 안주는 실수가 잦아 확인해야하고 바쁘시니까 말시키면 무시하거나 짜증말투
 왜이렇게 화가나 있으신지 원래 밥볶아줬는데 밥볶아 주시는지 하면 바뀌었다는 설명도없이 알아서 휘저어 먹으랍니다",서울특별시 동작구 상도로 166 (상도동),0건
다채샤브 장승배기역점,샤브샤브,"오랜만에 갔는데 변경된게 있네요
샤브 다 먹고 볶음밥 요청하니 바껴서 안볶아주시고 알아서 볶아서 먹으면 된다고;
다음에는 주문받으실때 말 같이 해주시면 좋을거같아요",서울특별시 동작구 상도로 166 (상도동),0건
다채샤브 장승배기역점,샤브샤브,"다채샤브 1인분에 10,900원인데 야채, 고기도 많이 나오고 칼국수랑 죽도 나와서 양이 엄청 많아요. 저렴한 가격에 배부르게 맛있게 먹었습니다.",서울특별시 동작구 상도로 166 (상도동),0건
다채샤브 장승배기역점,샤브샤브,서비스 최악. 밥 안 볶아주는 샤브샤브집 처음 봄ㅋㅋ 원래는 맛도 좋았는데 갈수록 맛도 별로고. 이시국에 물티슈 하나 안 갖다주고ㅋㅋ 걍 장사할 자세가 안 되어있음 주변에 비슷한 가게 하나 생기면 바로 망할듯ㅋㅋㅋ,서울특별시 동작구 상도로 166 (상도동),0건
다채샤브 장승배기역점,샤브샤브,"불친절 끝판왕이네요 벨은안되는데 다 주방들어가서 부르면 똥씹은표정...
사장님은 뭐가 맘에안든건지 화가나있네요 다신안갈거같아요 이동네 샤브집이없어서 간건데",서울특별시 동작구 상도로 166 (상도동),0건
다채샤브 장승배기역점,샤브샤브,신선한 야채 많이 주시고 국물이 단백해서 좋아요,서울특별시 동작구 상도로 166 (상도동),0건
다채샤브 장승배기역점,샤브샤브,"심심하면 오는곳 
존맛탱입니다 김치가 끝내줘요",서울특별시 동작구 상도로 166 (상도동),0건
다채샤브 장승배기역점,샤브샤브,"서비스가 달라진듯요~~ㅜ
좀더 친절하길~",서울특별시 동작구 상도로 166 (상도동),0건
다채샤브 장승배기역점,샤브샤브,엄마가 좋아하는 곳이에요. 엄마랑 자주 갑니다. 자주 가도 맛있어요.,서울특별시 동작구 상도로 166 (상도동),0건
다채샤브 장승배기역점,샤브샤브,"볶음죽에서 정체와 출처를 알 수 없는 이물질들이 나옴,, 사장님도 뭔지 모르시겠다 함,,, 자주 가는 곳인데 대응에 좀 실망했어요ㅜ",서울특별시 동작구 상도로 166 (상도동),0건
다채샤브 장승배기역점,샤브샤브,가성비 좋고 너무 맛있어요!,서울특별시 동작구 상도로 166 (상도동),0건
다채샤브 장승배기역점,샤브샤브,좀 있으면 영업안한다고 참 불친절하시네요,서울특별시 동작구 상도로 166 (상도동),0건
다채샤브 장승배기역점,샤브샤브,ㅊ,서울특별시 동작구 상도로 166 (상도동),0건
다채샤브 장승배기역점,샤브샤브,손닙 접대하기 좋아용,서울특별시 동작구 상도로 166 (상도동),0건
다채샤브 장승배기역점,샤브샤브,"가족들이랑 외식하면 여기로감. 노량진,대방,장승배기중에서 이만한 샤브샤브집 없는듯",서울특별시 동작구 상도로 166 (상도동),0건
다채샤브 장승배기역점,샤브샤브,"제가 너무 좋아하는 식당이예요~
맛도 좋구요~
단지 주차를 가게 앞에만 할수 있어서 주차공간이 부족한게 아쉽네요",서울특별시 동작구 상도로 166 (상도동),0건
다채샤브 장승배기역점,샤브샤브,"8시55분까지 식사하다 일어났음에도 미소로 친절히 서비스해주셔서 감사했습니다.
번창하세요:)",서울특별시 동작구 상도로 166 (상도동),0건
다채샤브 장승배기역점,샤브샤브,존맛탱구리!! 사장님 친절하세욤,서울특별시 동작구 상도로 166 (상도동),0건
다채샤브 장승배기역점,샤브샤브,굿,서울특별시 동작구 상도로 166 (상도동),0건
다채샤브 장승배기역점,샤브샤브,굿,서울특별시 동작구 상도로 166 (상도동),0건
다채샤브 장승배기역점,샤브샤브,ㅈㅇ,서울특별시 동작구 상도로 166 (상도동),0건
다채샤브 장승배기역점,샤브샤브,굿,서울특별시 동작구 상도로 166 (상도동),0건
다채샤브 장승배기역점,샤브샤브,굿,서울특별시 동작구 상도로 166 (상도동),0건
다채샤브 장승배기역점,샤브샤브,굿,서울특별시 동작구 상도로 166 (상도동),0건
다채샤브 장승배기역점,샤브샤브,맛있어요,서울특별시 동작구 상도로 166 (상도동),0건
다채샤브 장승배기역점,샤브샤브,굿,서울특별시 동작구 상도로 166 (상도동),0건
다채샤브 장승배기역점,샤브샤브,친절해요 ,서울특별시 동작구 상도로 166 (상도동),0건
다채샤브 장승배기역점,샤브샤브,친절해요,서울특별시 동작구 상도로 166 (상도동),0건
다채샤브 장승배기역점,샤브샤브,"가성비 굳굳!!
음식 푸짐하고 맛있는데 겉절이가 진짜 맛있어요",서울특별시 동작구 상도로 166 (상도동),0건
만리장성,중식당,"이사하고 방문해서 짜장면 먹었다. 짜장면 본연의 맛이 끝내준다. 배달부 아저씨들 왔다갔다 하시는게 조금은 정신 사납긴 하지만, 그건 어쩔 수 
없는거. 맛있음.",서울특별시 동작구 상도로15길 110 (상도동),8건
만리장성,중식당,예전부터 여름이면 여기서 콩국수 시켜먹었는데 오랜만에 먹어도 역시 실망시키지 않네요. 맛있습니다.,서울특별시 동작구 상도로15길 110 (상도동),8건
만리장성,중식당,"스트레스 받아서 매콤한 음식이 먹고싶었는데 짬뽕,사천 탕수육 정말 너무 맛있고 짜장면도 옛날 짜장 맛이라서 만족했어요❣  또 그릇 픽업해가
시던 직원분 너무 너무 친절하셔서 감동이였어요.  맛있게 드셔주셔서 감사하다고 말씀해주셨는데 진심이 너무 느껴지고 이런 분들께서 더 잘되
셨으면 하는마음이 들었습니다!  가성비도 짱짱입니다 그리구 사천탕수육 찍먹 소스 따로 주시는곳 처음 봤습니다 집 주위 중국집 유목민...",서울특별시 동작구 상도로15길 110 (상도동),8건
만리장성,중식당,항상 맛있게 먹고 있어요,서울특별시 동작구 상도로15길 110 (상도동),8건
만리장성,중식당,.,서울특별시 동작구 상도로15길 110 (상도동),8건
만리장성,중식당,.,서울특별시 동작구 상도로15길 110 (상도동),8건
만리장성,중식당,좋아요,서울특별시 동작구 상도로15길 110 (상도동),8건
만리장성,중식당,.,서울특별시 동작구 상도로15길 110 (상도동),8건
만리장성,중식당,..,서울특별시 동작구 상도로15길 110 (상도동),8건
만리장성,중식당,굿,서울특별시 동작구 상도로15길 110 (상도동),8건
만리장성,중식당,최고,서울특별시 동작구 상도로15길 110 (상도동),8건
만리장성,중식당,친절해요,서울특별시 동작구 상도로15길 110 (상도동),8건
만리장성,중식당,항상 맛있어요~,서울특별시 동작구 상도로15길 110 (상도동),8건
만리장성,중식당,굳,서울특별시 동작구 상도로15길 110 (상도동),8건
만리장성,중식당,친절해요,서울특별시 동작구 상도로15길 110 (상도동),8건
만리장성,중식당,굿,서울특별시 동작구 상도로15길 110 (상도동),8건
만리장성,중식당,최고,서울특별시 동작구 상도로15길 110 (상도동),8건
만리장성,중식당,이동네 이사와서부터 몇번 실패 거치고 몇년째 정착하고 있네요 너무 맛있어요 다~~~,서울특별시 동작구 상도로15길 110 (상도동),8건
만리장성,중식당,구웃,서울특별시 동작구 상도로15길 110 (상도동),8건
만리장성,중식당,굿,서울특별시 동작구 상도로15길 110 (상도동),8건
만리장성,중식당,굿,서울특별시 동작구 상도로15길 110 (상도동),8건
만리장성,중식당,굳굳,서울특별시 동작구 상도로15길 110 (상도동),8건
만리장성,중식당,조아요,서울특별시 동작구 상도로15길 110 (상도동),8건
만리장성,중식당,맛있어요 항상,서울특별시 동작구 상도로15길 110 (상도동),8건
만리장성,중식당,맛있어요,서울특별시 동작구 상도로15길 110 (상도동),8건
만리장성,중식당,굿,서울특별시 동작구 상도로15길 110 (상도동),8건
만리장성,중식당,사장님과 직원분이 엄청 친절해서 좋아요,서울특별시 동작구 상도로15길 110 (상도동),8건
만리장성,중식당,굿!!,서울특별시 동작구 상도로15길 110 (상도동),8건
만리장성,중식당,친절해요,서울특별시 동작구 상도로15길 110 (상도동),8건
만리장성,중식당,친절해요,서울특별시 동작구 상도로15길 110 (상도동),8건
다래원,중식당,사진찍는 걸 깜빡할 정도로 맛나요! 본가 올때마다 시켜먹는데 다 맛있는데 남편 최애는 불짜장이예요~ 매운거 좋아하시는 분은 강추라고 하네요~ 상도동 살때는 종종 시켜먹어서 쿠폰 다 모아서 쿠폰으로 한번 시켜먹고도 이사가기전까지도 또 거의 다 모았었어요~ 오늘도 잘 먹었습니다^^,서울특별시 동작구 국사봉길 90 (상도동),0건
다래원,중식당,굿,서울특별시 동작구 국사봉길 90 (상도동),0건
다래원,중식당,굿,서울특별시 동작구 국사봉길 90 (상도동),0건
다래원,중식당,굿,서울특별시 동작구 국사봉길 90 (상도동),0건
다래원,중식당,맛있어요,서울특별시 동작구 국사봉길 90 (상도동),0건
다래원,중식당,"진짜 맛있네요
자주 애용할께요",서울특별시 동작구 국사봉길 90 (상도동),0건
다래원,중식당,"자주 시켜먹는 단골가게인데 정말 역대급 최악이네요. 자장면 면도 팅팅 불어서 오고 짬뽕도 기존 국물과 다르게 진하지도 않고 짬뽕면까지 팅팅 
불어서 왔어요. 세트메뉴 시켰는데 탕수육은 기존 양보다 훨씬적고 바쁘시고 그렇게 주실거면 그냥 영업끝났다고 하세요. 아무리 저녁 8시에 마
감가까워지는 시간에 시켜서 짜증날 수는 있겠지만 이건 아니죠. 왠만하면 이렇게 리뷰 안쓰고 그냥 좋다고 하고 마는데, 정말 심각합니다....",서울특별시 동작구 국사봉길 90 (상도동),0건
다래원,중식당,...,서울특별시 동작구 국사봉길 90 (상도동),0건
다래원,중식당,좋아요,서울특별시 동작구 국사봉길 90 (상도동),0건
다래원,중식당,"Set1에 짜장을 간짜장으로 바꿨어요
근데 간짜장 원래 이런가요? 예전맛이랑 달라서 좀 그렇네요. 바로 전에도 간짜장 시켰을 때 이렇게 와서 당황했었는데 제가 잘 못 알고 있는거면 답글 남겨주세요",서울특별시 동작구 국사봉길 90 (상도동),0건
다래원,중식당,맛있어요!!,서울특별시 동작구 국사봉길 90 (상도동),0건
다래원,중식당,굿,서울특별시 동작구 국사봉길 90 (상도동),0건
다래원,중식당,굿,서울특별시 동작구 국사봉길 90 (상도동),0건
다래원,중식당,굿 ,서울특별시 동작구 국사봉길 90 (상도동),0건
다래원,중식당,굿,서울특별시 동작구 국사봉길 90 (상도동),0건
다래원,중식당,긋,서울특별시 동작구 국사봉길 90 (상도동),0건
다래원,중식당,.,서울특별시 동작구 국사봉길 90 (상도동),0건
다래원,중식당,짜장면 굿~,서울특별시 동작구 국사봉길 90 (상도동),0건
다래원,중식당,맛있어요!!,서울특별시 동작구 국사봉길 90 (상도동),0건
다래원,중식당,음식이 맛있어서 좋아요!!!,서울특별시 동작구 국사봉길 90 (상도동),0건
다래원,중식당,동네 중국요리집,서울특별시 동작구 국사봉길 90 (상도동),0건
다래원,중식당,감사합니다,서울특별시 동작구 국사봉길 90 (상도동),0건
다래원,중식당,"맛있어요
넘 멀어서 주문할때 죄송하네요",서울특별시 동작구 국사봉길 90 (상도동),0건
다래원,중식당,굿,서울특별시 동작구 국사봉길 90 (상도동),0건
다래원,중식당,굳,서울특별시 동작구 국사봉길 90 (상도동),0건
다래원,중식당,양장피 가더욱맛있어요,서울특별시 동작구 국사봉길 90 (상도동),0건
다래원,중식당,굿,서울특별시 동작구 국사봉길 90 (상도동),0건
다래원,중식당,좋아요,서울특별시 동작구 국사봉길 90 (상도동),0건
다래원,중식당,좋아요,서울특별시 동작구 국사봉길 90 (상도동),0건
다래원,중식당,맛있어요,서울특별시 동작구 국사봉길 90 (상도동),0건
거구장,한식,갈비탕 맛있어요! 직접담그신듯한 김치가 예술입니다. 동네맛집이어요~~~!,서울특별시 동작구 흑석로 101-7 (흑석동),0건
거구장,한식,불고기 맛이 달달하니 좋습니다,서울특별시 동작구 흑석로 101-7 (흑석동),0건
거구장,한식,음식이 깔끔하고 맛있어요,서울특별시 동작구 흑석로 101-7 (흑석동),0건
거구장,한식,굿,서울특별시 동작구 흑석로 101-7 (흑석동),0건
거구장,한식,맛있어요,서울특별시 동작구 흑석로 101-7 (흑석동),0건
거구장,한식,친절해요,서울특별시 동작구 흑석로 101-7 (흑석동),0건
거구장,한식,친절하시고. 무난해요,서울특별시 동작구 흑석로 101-7 (흑석동),0건
거구장,한식,부모님과 식사하기 괜찮은 곳. 손님들이 다 나이대가 있음.,서울특별시 동작구 흑석로 101-7 (흑석동),0건
거구장,한식,굿,서울특별시 동작구 흑석로 101-7 (흑석동),0건
거구장,한식,맛있어요,서울특별시 동작구 흑석로 101-7 (흑석동),0건
거구장,한식,맛있어요,서울특별시 동작구 흑석로 101-7 (흑석동),0건
거구장,한식,맛있어요,서울특별시 동작구 흑석로 101-7 (흑석동),0건
거구장,한식,좋아요,서울특별시 동작구 흑석로 101-7 (흑석동),0건
거구장,한식,좋아요,서울특별시 동작구 흑석로 101-7 (흑석동),0건
거구장,한식,맛있어요,서울특별시 동작구 흑석로 101-7 (흑석동),0건
거구장,한식,항상가는 곳,서울특별시 동작구 흑석로 101-7 (흑석동),0건
거구장,한식,굿,서울특별시 동작구 흑석로 101-7 (흑석동),0건
거구장,한식,맛있어요,서울특별시 동작구 흑석로 101-7 (흑석동),0건
거구장,한식,밥도 맛있고 괜찮았는데 계장이 맛이 좀 이상했어요,서울특별시 동작구 흑석로 101-7 (흑석동),0건
거구장,한식,"돌솥밥 빼고는 먹을게 없어요. 딱 밥만 먹을만함 나머지 반찬은 맛이 예전 같지 않아요 그냥 겉보기에만 그럴싸함 ㅜㅠ 게장은 너무 비리고 ㅜㅠ 오랜만에 갔는데 실망스러움...
직원분도 불친절... ㅜㅠ 이 돈주고 여기서 밥먹는건 아닌거 같네요. 두번다시는 방문 안할듯합니다.",서울특별시 동작구 흑석로 101-7 (흑석동),0건
거구장,한식,맛있어요~,서울특별시 동작구 흑석로 101-7 (흑석동),0건
거구장,한식,예전보다는 맛이 떨어졌어요,서울특별시 동작구 흑석로 101-7 (흑석동),0건
거구장,한식,굿,서울특별시 동작구 흑석로 101-7 (흑석동),0건
거구장,한식,좋아요,서울특별시 동작구 흑석로 101-7 (흑석동),0건
거구장,한식,굿,서울특별시 동작구 흑석로 101-7 (흑석동),0건
거구장,한식,좋아요,서울특별시 동작구 흑석로 101-7 (흑석동),0건
거구장,한식,넘맛있어요~~~~~!반찬 종류진짜 다양하고 다맛있습니다ㅠㅠㅠㅠ,서울특별시 동작구 흑석로 101-7 (흑석동),0건
거구장,한식,^^,서울특별시 동작구 흑석로 101-7 (흑석동),0건
거구장,한식,좋아요,서울특별시 동작구 흑석로 101-7 (흑석동),0건
거구장,한식,좋아요,서울특별시 동작구 흑석로 101-7 (흑석동),0건
계림(鷄林)닭한마리,닭요리,닭 자체는 푹 고아서 맛있었는데 국물은 맛 없었고 점원분들 불친절 하셔서 다시 가진 않을 거 같아요,서울특별시 동작구 사당로30길 103 (사당동),0건
계림(鷄林)닭한마리,닭요리,,서울특별시 동작구 사당로30길 103 (사당동),0건
계림(鷄林)닭한마리,닭요리,가격도 좋고 맛있어요,서울특별시 동작구 사당로30길 103 (사당동),0건
계림(鷄林)닭한마리,닭요리,닭볶음탕 먹었는데 역시 맛있네요:),서울특별시 동작구 사당로30길 103 (사당동),0건
계림(鷄林)닭한마리,닭요리,닭한마리가 맛있어요,서울특별시 동작구 사당로30길 103 (사당동),0건
계림(鷄林)닭한마리,닭요리,국물이 끝내줘요,서울특별시 동작구 사당로30길 103 (사당동),0건
계림(鷄林)닭한마리,닭요리,"점심으로 처음 가본 곳이었는데 너무 실망했어요ㅠ 닭칼국수, 닭곰탕 특으로 시켜먹었는데 양도 너무 적고 배고파서 먹었던 기억으로 남아있어요ㅠ 반찬도 너무 쬐끔씩 주고 사장님도 혼자 하셔서 너무 정신없으셔서 직접 갖다먹었었습니다",서울특별시 동작구 사당로30길 103 (사당동),0건
계림(鷄林)닭한마리,닭요리,맛있어요,서울특별시 동작구 사당로30길 103 (사당동),0건
계림(鷄林)닭한마리,닭요리,좋아요,서울특별시 동작구 사당로30길 103 (사당동),0건
계림(鷄林)닭한마리,닭요리,힘들때 한방삼계탕 먹으러 갑니다. 깔끔하고 맛있어요!,서울특별시 동작구 사당로30길 103 (사당동),0건
계림(鷄林)닭한마리,닭요리,한방삼계탕 맛있어요:),서울특별시 동작구 사당로30길 103 (사당동),0건
계림(鷄林)닭한마리,닭요리,"건강해지는 국물맛, 기운얻고 갑니다.",서울특별시 동작구 사당로30길 103 (사당동),0건
계림(鷄林)닭한마리,닭요리,맛있게 잘 먹었어요😊👍 굿이예요💘,서울특별시 동작구 사당로30길 103 (사당동),0건
계림(鷄林)닭한마리,닭요리,굿,서울특별시 동작구 사당로30길 103 (사당동),0건
계림(鷄林)닭한마리,닭요리,1번,서울특별시 동작구 사당로30길 103 (사당동),0건
계림(鷄林)닭한마리,닭요리,조아요,서울특별시 동작구 사당로30길 103 (사당동),0건
계림(鷄林)닭한마리,닭요리,맛나요. 닭곰탕 강추.,서울특별시 동작구 사당로30길 103 (사당동),0건
계림(鷄林)닭한마리,닭요리,1번,서울특별시 동작구 사당로30길 103 (사당동),0건
계림(鷄林)닭한마리,닭요리,조아요,서울특별시 동작구 사당로30길 103 (사당동),0건
계림(鷄林)닭한마리,닭요리,,서울특별시 동작구 사당로30길 103 (사당동),0건
계림(鷄林)닭한마리,닭요리,좋아요,서울특별시 동작구 사당로30길 103 (사당동),0건
계림(鷄林)닭한마리,닭요리,ㅇㅋ,서울특별시 동작구 사당로30길 103 (사당동),0건
계림(鷄林)닭한마리,닭요리,"닭고기를 부추 넣은 소스에 찍어 먹으니까 특이하게 맛있어요ㅎㅎ
삼계탕이랑 다른 색다른 느낌이에요",서울특별시 동작구 사당로30길 103 (사당동),0건
계림(鷄林)닭한마리,닭요리,젛아요,서울특별시 동작구 사당로30길 103 (사당동),0건
계림(鷄林)닭한마리,닭요리,몸보신 제대로 ㅎㅎ 맛있어요!,서울특별시 동작구 사당로30길 103 (사당동),0건
계림(鷄林)닭한마리,닭요리,.,서울특별시 동작구 사당로30길 103 (사당동),0건
계림(鷄林)닭한마리,닭요리,닭한마리 최고예요,서울특별시 동작구 사당로30길 103 (사당동),0건
계림(鷄林)닭한마리,닭요리,맛 있어요,서울특별시 동작구 사당로30길 103 (사당동),0건
계림(鷄林)닭한마리,닭요리,,서울특별시 동작구 사당로30길 103 (사당동),0건
계림(鷄林)닭한마리,닭요리,맛있어요~ 친절하세요~!!,서울특별시 동작구 사당로30길 103 (사당동),0건
진미순대,"순대,순댓국",울 신랑 꼬마때부터 다닌 진미순대  리모델링 하길 얼마나 기다렸는지 몰라요 더 깨끗해지고 넓으진 홀 순대국밥도 역시나 맛나요~~,서울특별시 동작구 서달로12가길 5 (흑석동),3건
진미순대,"순대,순댓국",푸짐하고 맛있네요,서울특별시 동작구 서달로12가길 5 (흑석동),3건
진미순대,"순대,순댓국",다시 먹을수 있어서 넘 좋아요,서울특별시 동작구 서달로12가길 5 (흑석동),3건
진미순대,"순대,순댓국",맛있음,서울특별시 동작구 서달로12가길 5 (흑석동),3건
진미순대,"순대,순댓국",정말맛있어요,서울특별시 동작구 서달로12가길 5 (흑석동),3건
진미순대,"순대,순댓국",28년째 단골,서울특별시 동작구 서달로12가길 5 (흑석동),3건
진미순대,"순대,순댓국",좋아요,서울특별시 동작구 서달로12가길 5 (흑석동),3건
진미순대,"순대,순댓국","진짜 엄청 불친절함 ;; 손님 들어오는데 그냥 뭐지라는 눈빛으로 동물원 원숭이 보듯이 보더라 ㅋㅋㅋ 맛도 딱히 맛있는 지 모르겠음
카드도 걍 던지다시피 주던데 장사 그런 식으로 하지 마세요 ^^ 맛도 없고 기분만 엄청 잡침
비추~~~",서울특별시 동작구 서달로12가길 5 (흑석동),3건
진미순대,"순대,순댓국",좋아요,서울특별시 동작구 서달로12가길 5 (흑석동),3건
진미순대,"순대,순댓국",좋아요,서울특별시 동작구 서달로12가길 5 (흑석동),3건
진미순대,"순대,순댓국",30년 넘게 간 동네 맛집입니다,서울특별시 동작구 서달로12가길 5 (흑석동),3건
진미순대,"순대,순댓국",,서울특별시 동작구 서달로12가길 5 (흑석동),3건
진미순대,"순대,순댓국",12월부터 가격인상되었어요,서울특별시 동작구 서달로12가길 5 (흑석동),3건
진미순대,"순대,순댓국","고등학교때부터 10년넘게 간 곳입니다.
오래오래 식당 운영해주세요",서울특별시 동작구 서달로12가길 5 (흑석동),3건
진미순대,"순대,순댓국",좋아요 ,서울특별시 동작구 서달로12가길 5 (흑석동),3건
진미순대,"순대,순댓국",좋아요,서울특별시 동작구 서달로12가길 5 (흑석동),3건
진미순대,"순대,순댓국",국물이 다른집보다 진하고 고기도 많아요. 순대도 맛있구요!!! 가격도 적당해서 흑석동 순대국밥 단골 맛집 입니다.,서울특별시 동작구 서달로12가길 5 (흑석동),3건
진미순대,"순대,순댓국",맛잇어요,서울특별시 동작구 서달로12가길 5 (흑석동),3건
진미순대,"순대,순댓국",너무너무 맛있어요!!,서울특별시 동작구 서달로12가길 5 (흑석동),3건
진미순대,"순대,순댓국",맛있어요,서울특별시 동작구 서달로12가길 5 (흑석동),3건
진미순대,"순대,순댓국",맛있어요,서울특별시 동작구 서달로12가길 5 (흑석동),3건
진미순대,"순대,순댓국",,서울특별시 동작구 서달로12가길 5 (흑석동),3건
진미순대,"순대,순댓국",주차랑 화장실이 쬐매 불편. 맛있어서 갑니다.,서울특별시 동작구 서달로12가길 5 (흑석동),3건
진미순대,"순대,순댓국",냄새도 안나고 맛있엉ㅅ!,서울특별시 동작구 서달로12가길 5 (흑석동),3건
진미순대,"순대,순댓국",맞있어요,서울특별시 동작구 서달로12가길 5 (흑석동),3건
진미순대,"순대,순댓국",졸맛♡♡,서울특별시 동작구 서달로12가길 5 (흑석동),3건
진미순대,"순대,순댓국",굿,서울특별시 동작구 서달로12가길 5 (흑석동),3건
진미순대,"순대,순댓국",맛집이에요,서울특별시 동작구 서달로12가길 5 (흑석동),3건
진미순대,"순대,순댓국",건더기도 많고 맛있어요,서울특별시 동작구 서달로12가길 5 (흑석동),3건
진미순대,"순대,순댓국",혼자가서 그랬나 너무 불친절하셔서 깜짝 놀랐네요 순대국밥도 보통맛이었어요,서울특별시 동작구 서달로12가길 5 (흑석동),3건
교뽕,중식당,이집에선 짬뽕만 먹었었는데 난자완스 쟁반짜장도 맛있었고 짬뽕국물 부탁드리니 서비스로 주셨음,서울특별시 동작구 장승배기로27길 13 (노량진동),0건
교뽕,중식당,간이 좀...ㅠ,서울특별시 동작구 장승배기로27길 13 (노량진동),0건
교뽕,중식당,부먹찍먹 종결 : 볶먹,서울특별시 동작구 장승배기로27길 13 (노량진동),0건
교뽕,중식당,"왠만하면 이런거 잘 안다는데 진짜 너무해서 리뷰 답니다. 접대부터 포장까지 기본이 안된 곳 입니다. 들어갈때부터 싸하긴 했는데 역시나 랩을 
안감아줘서 침대시트를 버리고 말았습니다. 신경을 안쓰신건지 잊어버리건지는 모르겠습니다. 코로나 때문에 힘들고 짜증나는 건 이해하겠는데 
6천원짜리 포장해간다고 무시당한 것 같아 기분이 좀 그렇습니다. 노량진 온지 얼마 안됐는데 아무리 중국요리가 땡겨도 다시는 안갈 거 ...",서울특별시 동작구 장승배기로27길 13 (노량진동),0건
교뽕,중식당,"할머니, 김치도 안준다하시고 그릇은 그냥 옆에다 툭 내동댕이치듯이 놓고 가시고 불쾌 했습니다
그리고 세트시키면 원래 짜장면 양도 줄어드는게 맞나요?",서울특별시 동작구 장승배기로27길 13 (노량진동),0건
교뽕,중식당,맛있어요,서울특별시 동작구 장승배기로27길 13 (노량진동),0건
교뽕,중식당,"너무 불친절해서 다시 안 가고 싶어요.
너무 짜증내시네요..;;;;",서울특별시 동작구 장승배기로27길 13 (노량진동),0건
교뽕,중식당,별로,서울특별시 동작구 장승배기로27길 13 (노량진동),0건
교뽕,중식당,"맛있고, 양 많아요",서울특별시 동작구 장승배기로27길 13 (노량진동),0건
교뽕,중식당,가성비가 좋은 중식당입니다,서울특별시 동작구 장승배기로27길 13 (노량진동),0건
교뽕,중식당,볶음짬봉 음.. 탕수육 굿.. 술국 흠.. 짜장면 굿..,서울특별시 동작구 장승배기로27길 13 (노량진동),0건
교뽕,중식당,음식이 빨리나와서 좋습니다,서울특별시 동작구 장승배기로27길 13 (노량진동),0건
교뽕,중식당,굿,서울특별시 동작구 장승배기로27길 13 (노량진동),0건
교뽕,중식당,맛나요,서울특별시 동작구 장승배기로27길 13 (노량진동),0건
교뽕,중식당,"다니는 중국집이 문을 닫아서, 방문한 곳. 기대없이 갔는데, 생각보다 맛있네요. 친절하시고, 홀도 에어컨 빵빵해서 시원ㅋ",서울특별시 동작구 장승배기로27길 13 (노량진동),0건
교뽕,중식당,굿,서울특별시 동작구 장승배기로27길 13 (노량진동),0건
교뽕,중식당,굿굿,서울특별시 동작구 장승배기로27길 13 (노량진동),0건
교뽕,중식당,굿,서울특별시 동작구 장승배기로27길 13 (노량진동),0건
교뽕,중식당,굿,서울특별시 동작구 장승배기로27길 13 (노량진동),0건
교뽕,중식당,굿,서울특별시 동작구 장승배기로27길 13 (노량진동),0건
교뽕,중식당,굿,서울특별시 동작구 장승배기로27길 13 (노량진동),0건
교뽕,중식당,맛나요,서울특별시 동작구 장승배기로27길 13 (노량진동),0건
교뽕,중식당,굿,서울특별시 동작구 장승배기로27길 13 (노량진동),0건
교뽕,중식당,맛나요,서울특별시 동작구 장승배기로27길 13 (노량진동),0건
교뽕,중식당,굿굿,서울특별시 동작구 장승배기로27길 13 (노량진동),0건
교뽕,중식당,첫방문 맛있습니다,서울특별시 동작구 장승배기로27길 13 (노량진동),0건
교뽕,중식당,굿,서울특별시 동작구 장승배기로27길 13 (노량진동),0건
교뽕,중식당,굿,서울특별시 동작구 장승배기로27길 13 (노량진동),0건
교뽕,중식당,볶음밥 최악,서울특별시 동작구 장승배기로27길 13 (노량진동),0건
교뽕,중식당,간짜장이 밍밍해서 소스 더 달라니까 주방에서 구시렁거림ᄏᄏᄏ싹수 없어서 다신 안 갈 예정 웬만해선 리뷰안쓰는데 기분 나빠서 씀,서울특별시 동작구 장승배기로27길 13 (노량진동),0건
해달비,생선회,그냥 편한 선술집,서울특별시 동작구 서달로14나길 5 (흑석동),0건
해달비,생선회,ㅇ,서울특별시 동작구 서달로14나길 5 (흑석동),0건
해달비,생선회,좋아요 ,서울특별시 동작구 서달로14나길 5 (흑석동),0건
해달비,생선회,"친절하고 깨끗한 식당
사장님이 원칙을 가지고 소신껏 운영하시는 듯.
수조관리도 깨끗하고 회도 신선하고 맛있다.",서울특별시 동작구 서달로14나길 5 (흑석동),0건
해달비,생선회,친절해요,서울특별시 동작구 서달로14나길 5 (흑석동),0건
해달비,생선회,맛있어요,서울특별시 동작구 서달로14나길 5 (흑석동),0건
해달비,생선회,신선하고 쫄깃하니 맛나요,서울특별시 동작구 서달로14나길 5 (흑석동),0건
해달비,생선회,신선한 회 맛있게 잘 먹었습니다!,서울특별시 동작구 서달로14나길 5 (흑석동),0건
해달비,생선회,굿,서울특별시 동작구 서달로14나길 5 (흑석동),0건
해달비,생선회,무난해요,서울특별시 동작구 서달로14나길 5 (흑석동),0건
해달비,생선회,ㅎ,서울특별시 동작구 서달로14나길 5 (흑석동),0건
해달비,생선회,나쁘지 않습니다,서울특별시 동작구 서달로14나길 5 (흑석동),0건
해달비,생선회,좋아요,서울특별시 동작구 서달로14나길 5 (흑석동),0건
해달비,생선회,저렴하고 맛있습니다,서울특별시 동작구 서달로14나길 5 (흑석동),0건
해달비,생선회,가성비좋아요,서울특별시 동작구 서달로14나길 5 (흑석동),0건
청진동해장국,해장국,친저하구 맛나요,서울특별시 동작구 대림로 56 (신대방동),0건
청진동해장국,해장국,맛있어요,서울특별시 동작구 대림로 56 (신대방동),0건
청진동해장국,해장국,존맛,서울특별시 동작구 대림로 56 (신대방동),0건
청진동해장국,해장국,ㄹㅇ존맛탱,서울특별시 동작구 대림로 56 (신대방동),0건
청진동해장국,해장국,먹을만 합니다,서울특별시 동작구 대림로 56 (신대방동),0건
청진동해장국,해장국,#신대방동 #뼈해장국 #선지국,서울특별시 동작구 대림로 56 (신대방동),0건
청진동해장국,해장국,맛있어서 가끔가욯ㅎ,서울특별시 동작구 대림로 56 (신대방동),0건
돈낭군 찌개부인,"찌개,전골",신대방삼거리 찐 삼겹살 맛집이에요❤️ 반찬도 엄청 맛있구 고기도 구워주시구 단골 되려구요!,서울특별시 동작구 성대로1길 5 (상도동),0건
돈낭군 찌개부인,"찌개,전골","여기 맛있어요 가보시는걸 추천!!!
굿굳 감사합니다!!!!!",서울특별시 동작구 성대로1길 5 (상도동),0건
돈낭군 찌개부인,"찌개,전골",요즘 고기는 거의 돈찌에서만 먹어요! 정말 맛있음❤️,서울특별시 동작구 성대로1길 5 (상도동),0건
돈낭군 찌개부인,"찌개,전골",맛있어요!!! 삼겹살이랑 쭈꾸미랑 잘 어울리고 김치도 맛있어요👍,서울특별시 동작구 성대로1길 5 (상도동),0건
돈낭군 찌개부인,"찌개,전골",,서울특별시 동작구 성대로1길 5 (상도동),0건
돈낭군 찌개부인,"찌개,전골","저만 알고싶은 식당인데요, 어쩔수없쬬! 삼겹살2 쭈꾸미1 날치알볶음밥1 이 조합을 추천드립니다!
남사장님 여사장님 너무 친절하시고 음식도 너무맛있어요!",서울특별시 동작구 성대로1길 5 (상도동),0건
돈낭군 찌개부인,"찌개,전골",맛있어요,서울특별시 동작구 성대로1길 5 (상도동),0건
돈낭군 찌개부인,"찌개,전골",맛나요,서울특별시 동작구 성대로1길 5 (상도동),0건
돈낭군 찌개부인,"찌개,전골",굿,서울특별시 동작구 성대로1길 5 (상도동),0건
돈낭군 찌개부인,"찌개,전골",굿,서울특별시 동작구 성대로1길 5 (상도동),0건
대박,"맥주,호프",좋아여,서울특별시 동작구 장승배기로10길 9 (상도동),"1,121건"
대박,"맥주,호프",좋아여,서울특별시 동작구 장승배기로10길 9 (상도동),"1,121건"
대박,"맥주,호프",1번째 방문,서울특별시 동작구 장승배기로10길 9 (상도동),"1,121건"
대박,"맥주,호프",😂😂😂,서울특별시 동작구 장승배기로10길 9 (상도동),"1,121건"
대박,"맥주,호프",사장님 너무 좋으세요~,서울특별시 동작구 장승배기로10길 9 (상도동),"1,121건"
대박,"맥주,호프",좋아요,서울특별시 동작구 장승배기로10길 9 (상도동),"1,121건"
짝태&노가리,포장마차,노상 분위기 좋아요,"서울특별시 동작구 장승배기로27길 9 (노량진동,지하1층-지상1층)",203건
짝태&노가리,포장마차,ㄱㅅ,"서울특별시 동작구 장승배기로27길 9 (노량진동,지하1층-지상1층)",203건
짝태&노가리,포장마차,좋아요,"서울특별시 동작구 장승배기로27길 9 (노량진동,지하1층-지상1층)",203건
짝태&노가리,포장마차,좋아요,"서울특별시 동작구 장승배기로27길 9 (노량진동,지하1층-지상1층)",203건
짝태&노가리,포장마차,사장님 넘 친절하세요!! 물론 안주도 맛있음ㅋ,"서울특별시 동작구 장승배기로27길 9 (노량진동,지하1층-지상1층)",203건
짝태&노가리,포장마차,1,"서울특별시 동작구 장승배기로27길 9 (노량진동,지하1층-지상1층)",203건
짝태&노가리,포장마차,굿,"서울특별시 동작구 장승배기로27길 9 (노량진동,지하1층-지상1층)",203건
짝태&노가리,포장마차,좋아요!,"서울특별시 동작구 장승배기로27길 9 (노량진동,지하1층-지상1층)",203건
짝태&노가리,포장마차,그저그래요,"서울특별시 동작구 장승배기로27길 9 (노량진동,지하1층-지상1층)",203건
짝태&노가리,포장마차,언제 먹었드라....,"서울특별시 동작구 장승배기로27길 9 (노량진동,지하1층-지상1층)",203건
전주한방오리,한식,"한방오리는 최소1시간30분전에 전화로 예약하는게 팁! 입니다😉 밑반찬 너무 맛있고, 한그릇하고 나면 너무나 건강해지는 맛입니다👍 - 동작구
 청년위원회 -","서울특별시 동작구 사당로 252 (사당동,321-114)",0건
전주한방오리,한식,,"서울특별시 동작구 사당로 252 (사당동,321-114)",0건
전주한방오리,한식,,"서울특별시 동작구 사당로 252 (사당동,321-114)",0건
전주한방오리,한식,,"서울특별시 동작구 사당로 252 (사당동,321-114)",0건
전주한방오리,한식,,"서울특별시 동작구 사당로 252 (사당동,321-114)",0건
전주한방오리,한식,,"서울특별시 동작구 사당로 252 (사당동,321-114)",0건
전주한방오리,한식,,"서울특별시 동작구 사당로 252 (사당동,321-114)",0건
전주한방오리,한식,,"서울특별시 동작구 사당로 252 (사당동,321-114)",0건
전주한방오리,한식,,"서울특별시 동작구 사당로 252 (사당동,321-114)",0건
전주한방오리,한식,,"서울특별시 동작구 사당로 252 (사당동,321-114)",0건
전주한방오리,한식,,"서울특별시 동작구 사당로 252 (사당동,321-114)",0건
이모네 실내포차,포장마차,몇년째 단골인데 안주 다 맛있고 가성비도 좋아요!!,서울특별시 동작구 사당로16길 7 (사당동),0건
이모네 실내포차,포장마차,"안주가 다 맛있어서 갈때마다 고민되는 집!!
진짜 찐맛집입니다👍🏻",서울특별시 동작구 사당로16길 7 (사당동),0건
이모네 실내포차,포장마차,ㅣ,서울특별시 동작구 사당로16길 7 (사당동),0건
이모네 실내포차,포장마차,실내포차 감성이 터진다면…!,서울특별시 동작구 사당로16길 7 (사당동),0건
이모네 실내포차,포장마차,해물부추전도 맛있고 낚지볶음 소면을 푸짐하게 많이주심  안주가 다 푸짐하고 맛있음!!!,서울특별시 동작구 사당로16길 7 (사당동),0건
이모네 실내포차,포장마차,굿,서울특별시 동작구 사당로16길 7 (사당동),0건
이모네 실내포차,포장마차,친절하고 굿입니다,서울특별시 동작구 사당로16길 7 (사당동),0건
이모네 실내포차,포장마차,좋아요,서울특별시 동작구 사당로16길 7 (사당동),0건
이모네 실내포차,포장마차,좋아요,서울특별시 동작구 사당로16길 7 (사당동),0건
이모네 실내포차,포장마차,맛있어요,서울특별시 동작구 사당로16길 7 (사당동),0건
이모네 실내포차,포장마차,짱,서울특별시 동작구 사당로16길 7 (사당동),0건
이모네 실내포차,포장마차,김치찌게 맛나요.,서울특별시 동작구 사당로16길 7 (사당동),0건
이모네 실내포차,포장마차,좋아요.,서울특별시 동작구 사당로16길 7 (사당동),0건
이모네 실내포차,포장마차,좋아요,서울특별시 동작구 사당로16길 7 (사당동),0건
이모네 실내포차,포장마차,"내사랑 분홍소세지!! 조그마한가게에 사람은 가득.
그앞은 자주 지나다녔는데 처음가봤어요.
자주가게될것같아요.",서울특별시 동작구 사당로16길 7 (사당동),0건
이모네 실내포차,포장마차,메뉴는 많은데 원하는 훈제족발은 왜없는거야.대신훈제치킨으로 괸찮았어~,서울특별시 동작구 사당로16길 7 (사당동),0건
이모네 실내포차,포장마차,JMT ,서울특별시 동작구 사당로16길 7 (사당동),0건
이모네 실내포차,포장마차,이모넷,서울특별시 동작구 사당로16길 7 (사당동),0건
이모네 실내포차,포장마차,굳,서울특별시 동작구 사당로16길 7 (사당동),0건
흑석동 명당김밥,김밥,"흑석동 명당김밥
이름값합니다",서울특별시 동작구 현충로 94 (흑석동),1건
흑석동 명당김밥,김밥,너무 맛있어요. 오래 하시는 이유가 있어요 ,서울특별시 동작구 현충로 94 (흑석동),1건
흑석동 명당김밥,김밥,초등학생때부터 가던곳이에요 언제나 맛있어요,서울특별시 동작구 현충로 94 (흑석동),1건
흑석동 명당김밥,김밥,"여기 김밥은 흑미로 만들어서 독특해요ㅎㅅㅎ
오랜만에 먹었는데 밥 양이 조금 줄어든 대신 밥이 촉촉해서 맛있네요!",서울특별시 동작구 현충로 94 (흑석동),1건
흑석동 명당김밥,김밥,어릴 때 먹던 맛 그대로예요 사장님 친절하세요 김밥 식지 말라고 신문으로 싸 주셨어요 감사합니다 🧸💕,서울특별시 동작구 현충로 94 (흑석동),1건
흑석동 명당김밥,김밥,"완전 맛있어요.
강추",서울특별시 동작구 현충로 94 (흑석동),1건
흑석동 명당김밥,김밥,너구리라면 맛있습니다,서울특별시 동작구 현충로 94 (흑석동),1건
흑석동 명당김밥,김밥,맛있어요,서울특별시 동작구 현충로 94 (흑석동),1건
흑석동 명당김밥,김밥,오랜만에 가니 가격이 오름 김밥크기는 줄어든듯 함 ㅠㅠ,서울특별시 동작구 현충로 94 (흑석동),1건
흑석동 명당김밥,김밥,맛있어요,서울특별시 동작구 현충로 94 (흑석동),1건
흑석동 명당김밥,김밥,김밥맛집이에요,서울특별시 동작구 현충로 94 (흑석동),1건
흑석동 명당김밥,김밥,굿,서울특별시 동작구 현충로 94 (흑석동),1건
흑석동 명당김밥,김밥,좋아요,서울특별시 동작구 현충로 94 (흑석동),1건
흑석동 명당김밥,김밥,김밥 뚠뚠해서 좋아요,서울특별시 동작구 현충로 94 (흑석동),1건
흑석동 명당김밥,김밥,굿굿,서울특별시 동작구 현충로 94 (흑석동),1건
흑석동 명당김밥,김밥,굿,서울특별시 동작구 현충로 94 (흑석동),1건
흑석동 명당김밥,김밥,맛있어요,서울특별시 동작구 현충로 94 (흑석동),1건
흑석동 명당김밥,김밥,굿,서울특별시 동작구 현충로 94 (흑석동),1건
흑석동 명당김밥,김밥,참치김밥 4100원 콩나물국 포장 100원 좋아요,서울특별시 동작구 현충로 94 (흑석동),1건
흑석동 명당김밥,김밥,히히♡ 겁나 마시쪼>_< 항상 맛있게 먹고 있습니다^^♡,서울특별시 동작구 현충로 94 (흑석동),1건
흑석동 명당김밥,김밥,굿,서울특별시 동작구 현충로 94 (흑석동),1건
흑석동 명당김밥,김밥,명당분식 말모 ㅋㅋㅋ 맛있습니다,서울특별시 동작구 현충로 94 (흑석동),1건
흑석동 명당김밥,김밥,"어렷을때부터 먹었던 김밥맛집♡ 원래 김밥을 좋아하긴 하지만..  사장님 도대체 김밥에 무슨짓을 하신건가요?ㅋㅋ 마약 김밥 같은 느낌이랄까ㅋ
ㅋㅋ 역시 김밥맛집 명당김밥입니다ㅋㅋ 가게이름 최고>_< 잘먹었습니다♡",서울특별시 동작구 현충로 94 (흑석동),1건
흑석동 명당김밥,김밥,평범한듯 비범한 맛이였어요,서울특별시 동작구 현충로 94 (흑석동),1건
흑석동 명당김밥,김밥,친절해요,서울특별시 동작구 현충로 94 (흑석동),1건
흑석동 명당김밥,김밥,굿,서울특별시 동작구 현충로 94 (흑석동),1건
흑석동 명당김밥,김밥,맛있어요,서울특별시 동작구 현충로 94 (흑석동),1건
흑석동 명당김밥,김밥,좋아요,서울특별시 동작구 현충로 94 (흑석동),1건
흑석동 명당김밥,김밥,맛있어요ㅡ,서울특별시 동작구 현충로 94 (흑석동),1건
흑석동 명당김밥,김밥,,서울특별시 동작구 현충로 94 (흑석동),1건
김밥을주문해,김밥,종류가 많아요,서울특별시 동작구 동작대로7길 4 (사당동),125건
김밥을주문해,김밥,김밥이랑 주먹밥 간편히 먹기 좋아요~,서울특별시 동작구 동작대로7길 4 (사당동),125건
김밥을주문해,김밥,김밥 잘 먹었습니다,서울특별시 동작구 동작대로7길 4 (사당동),125건
김밥을주문해,김밥,점심에 돈까스랑 제육덮밥 먹움,서울특별시 동작구 동작대로7길 4 (사당동),125건
김밥을주문해,김밥,멸치김밥 괜찮아요,서울특별시 동작구 동작대로7길 4 (사당동),125건
김밥을주문해,김밥,죻아요,서울특별시 동작구 동작대로7길 4 (사당동),125건
김밥을주문해,김밥,우엉당근시금치 빼달라고하면 아무말없이 빼주셔서 좋아요~~😁,서울특별시 동작구 동작대로7길 4 (사당동),125건
김밥을주문해,김밥,굿,서울특별시 동작구 동작대로7길 4 (사당동),125건
김밥을주문해,김밥,항상 배부르게 먹고 오는곳입니다!,서울특별시 동작구 동작대로7길 4 (사당동),125건
김밥을주문해,김밥,김밥맛있오용^^,서울특별시 동작구 동작대로7길 4 (사당동),125건
김밥을주문해,김밥,굿,서울특별시 동작구 동작대로7길 4 (사당동),125건
김밥을주문해,김밥,"맛있게 잘 먹었어요 ^^
소고기김밥이랑 라볶이 맛나요😋❤👍",서울특별시 동작구 동작대로7길 4 (사당동),125건
김밥을주문해,김밥,김밥 맛있네요,서울특별시 동작구 동작대로7길 4 (사당동),125건
김밥을주문해,김밥,맛잇어요!,서울특별시 동작구 동작대로7길 4 (사당동),125건
김밥을주문해,김밥,ㅇㅇ,서울특별시 동작구 동작대로7길 4 (사당동),125건
김밥을주문해,김밥,잘먹었습니다,서울특별시 동작구 동작대로7길 4 (사당동),125건
김밥을주문해,김밥,무난해용 양이 좀 적어욥,서울특별시 동작구 동작대로7길 4 (사당동),125건
김밥을주문해,김밥,맛있어요,서울특별시 동작구 동작대로7길 4 (사당동),125건
김밥을주문해,김밥,굿,서울특별시 동작구 동작대로7길 4 (사당동),125건
김밥을주문해,김밥,굿,서울특별시 동작구 동작대로7길 4 (사당동),125건
김밥을주문해,김밥,좋아요,서울특별시 동작구 동작대로7길 4 (사당동),125건
김밥을주문해,김밥,맛잇어요,서울특별시 동작구 동작대로7길 4 (사당동),125건
김밥을주문해,김밥,간단히 먹을때 좋아요,서울특별시 동작구 동작대로7길 4 (사당동),125건
김밥을주문해,김밥,맛있고 푸징하고 굿! 좋아요!,서울특별시 동작구 동작대로7길 4 (사당동),125건
김밥을주문해,김밥,김치참치김밥 맛있어요,서울특별시 동작구 동작대로7길 4 (사당동),125건
김밥을주문해,김밥,맛있어요 ,서울특별시 동작구 동작대로7길 4 (사당동),125건
김밥을주문해,김밥,쏘쏘,서울특별시 동작구 동작대로7길 4 (사당동),125건
김밥을주문해,김밥,좋아요,서울특별시 동작구 동작대로7길 4 (사당동),125건
김밥을주문해,김밥,굿,서울특별시 동작구 동작대로7길 4 (사당동),125건
김밥을주문해,김밥,좋아요 ,서울특별시 동작구 동작대로7길 4 (사당동),125건
타누키돈부리 이수역점,일식당,"특별할것 없이 맛있습니다. 유명한 돈부리집이라고 찾아가보면 생각보다 퍽퍽하고 그닥인집이 많았는데 여긴 끝까지 바삭한 돈까스와 촉촉한 소스,, 한그릇 싹 긁어먹고왔네욤",서울특별시 동작구 동작대로27가길 14 (사당동),0건
타누키돈부리 이수역점,일식당,예전에 자주오다 오랜만에 왔는데 많이 바꼈네요,서울특별시 동작구 동작대로27가길 14 (사당동),0건
타누키돈부리 이수역점,일식당,쏘쏘,서울특별시 동작구 동작대로27가길 14 (사당동),0건
타누키돈부리 이수역점,일식당,맛잇어요~ 서빙해주는분이 뭔가 화난 느낌이라 눈치 계속 보게되요😅,서울특별시 동작구 동작대로27가길 14 (사당동),0건
타누키돈부리 이수역점,일식당,모둠돈가스정식 맛있게 먹었어요,서울특별시 동작구 동작대로27가길 14 (사당동),0건
타누키돈부리 이수역점,일식당,"사장님 친절하시고
맛있고 양도 많아요.
가성비 좋아요.~~",서울특별시 동작구 동작대로27가길 14 (사당동),0건
타누키돈부리 이수역점,일식당,"가라아게, 가츠동 맛있어요",서울특별시 동작구 동작대로27가길 14 (사당동),0건
타누키돈부리 이수역점,일식당,"거기알바생은 사장 아들일것임 내가사장이면 바로 짤랏음 ,  불친절의 표본, 맛도 그냥 여기왜 가지?",서울특별시 동작구 동작대로27가길 14 (사당동),0건
타누키돈부리 이수역점,일식당,자주가는데 맛있고 사장님이 친절하세요!,서울특별시 동작구 동작대로27가길 14 (사당동),0건
타누키돈부리 이수역점,일식당,맛나요,서울특별시 동작구 동작대로27가길 14 (사당동),0건
타누키돈부리 이수역점,일식당,양도 많고 맛있어서 좋아요!,서울특별시 동작구 동작대로27가길 14 (사당동),0건
타누키돈부리 이수역점,일식당,친절해요,서울특별시 동작구 동작대로27가길 14 (사당동),0건
타누키돈부리 이수역점,일식당,진짜 맛남!,서울특별시 동작구 동작대로27가길 14 (사당동),0건
타누키돈부리 이수역점,일식당,굿,서울특별시 동작구 동작대로27가길 14 (사당동),0건
타누키돈부리 이수역점,일식당,친절하세요 가격도 적당한거같아요 그런데 모듬가츠를 먹었는데 가라아게와 새우튀김 돈가스가 기름이 덜빠져서 느끼했어요,서울특별시 동작구 동작대로27가길 14 (사당동),0건
타누키돈부리 이수역점,일식당,,서울특별시 동작구 동작대로27가길 14 (사당동),0건
타누키돈부리 이수역점,일식당,매장이 깔끔해요!,서울특별시 동작구 동작대로27가길 14 (사당동),0건
타누키돈부리 이수역점,일식당,감자 고로케랑 나가사키 짬뽕 너무 맛있어요:),서울특별시 동작구 동작대로27가길 14 (사당동),0건
타누키돈부리 이수역점,일식당,가성비 좋아요 타업체에 비해 양도 많고 가격도 착해요 무엇보다 맛이 👍👍👍👍👍 사장님도 친절 또올게요,서울특별시 동작구 동작대로27가길 14 (사당동),0건
타누키돈부리 이수역점,일식당,아저씨는 밥도 더 주시고 참 좋은데 알바하는 직원땜에 안 갈듯. 3ㅡ4개 테이블 전좌석 다 청소할 때까지 손님 다 밖에서 기다리게 하고. 뭐 달라하면 대답없이 테이블에 쿵 놓고 감. 내밀고 기다리던 손 민망해서 혼남. 반말 안 하는게 다행. 툭 치고 가고 내 테이블에서 말없이 뭐 탁 가져가고. 터프하거나 바쁜게 아니라 그냥 자기 스타일대로 자기입맛대로 하는 스타일인 듯. 그렇다고 오래된 노포나 가성비 집 스타일도 아닌데. 너무함,서울특별시 동작구 동작대로27가길 14 (사당동),0건
타누키돈부리 이수역점,일식당,돈부리 사케동 맛있습니다,서울특별시 동작구 동작대로27가길 14 (사당동),0건
타누키돈부리 이수역점,일식당,좋아요,서울특별시 동작구 동작대로27가길 14 (사당동),0건
타누키돈부리 이수역점,일식당,가라케동이 맛있다네요. 사케동은 별로.,서울특별시 동작구 동작대로27가길 14 (사당동),0건
타누키돈부리 이수역점,일식당,굿,서울특별시 동작구 동작대로27가길 14 (사당동),0건
타누키돈부리 이수역점,일식당,.,서울특별시 동작구 동작대로27가길 14 (사당동),0건
타누키돈부리 이수역점,일식당,가성비있음,서울특별시 동작구 동작대로27가길 14 (사당동),0건
타누키돈부리 이수역점,일식당,좋아요,서울특별시 동작구 동작대로27가길 14 (사당동),0건
타누키돈부리 이수역점,일식당,"가츠동 맛집
그러나 홀서빙 남자알바생은 갈 때마다 화나있음",서울특별시 동작구 동작대로27가길 14 (사당동),0건
타누키돈부리 이수역점,일식당,굿입니다,서울특별시 동작구 동작대로27가길 14 (사당동),0건
타누키돈부리 이수역점,일식당,양이 많고 가성비가 좋아요,서울특별시 동작구 동작대로27가길 14 (사당동),0건
토방소곱창,"곱창,막창,양",사장님 친절하세요 맛있어요,서울특별시 동작구 동작대로7길 11 (사당동),1건
토방소곱창,"곱창,막창,양","곱창 모듬 맛있어요~
사장님 친절해요!",서울특별시 동작구 동작대로7길 11 (사당동),1건
토방소곱창,"곱창,막창,양",엄청맛있어요 ㅠㅠ 사장님 넘 진절하셨어요 잘먹구갑니다!!!!,서울특별시 동작구 동작대로7길 11 (사당동),1건
토방소곱창,"곱창,막창,양",사장님께서 완전 친절하셨어요! 곱창이 맛있고 양도 많아서 좋았어요 ㅎㅎ 사장님께서 계속 신경써주셔서 더욱 맛있게 먹었습니다! 다음에 또 방문할게요~,서울특별시 동작구 동작대로7길 11 (사당동),1건
토방소곱창,"곱창,막창,양","양도 너무 많고 사장님 완전 친절합니다 ㅎㅎ
순두부 찌개도 너무 맛있어요
최고예요^^",서울특별시 동작구 동작대로7길 11 (사당동),1건
토방소곱창,"곱창,막창,양","맛있고 끝까지 구워주셔서 편하게 먹을 수 있어요!
특히 사장님이 너무 친절하셔서 기분 좋게 식사할 수 있었어요😋",서울특별시 동작구 동작대로7길 11 (사당동),1건
토방소곱창,"곱창,막창,양",좋아요,서울특별시 동작구 동작대로7길 11 (사당동),1건
토방소곱창,"곱창,막창,양",사장님이 일일이 신경써서 구워주시고 테이블마다 잘 챙기시더라구요. 양도 적은듯 했는 데 배가 불러서 더 못 먹었습니다. 처음에 서비스로 나오는 순두부 찌개가 아주  술 땡기게 합니다.,서울특별시 동작구 동작대로7길 11 (사당동),1건
토방소곱창,"곱창,막창,양","딱 10번만 리뷰 채우고 그만써야징
홀! 벌써 6번째라니
사실 이미 10번 넘엇음 희희",서울특별시 동작구 동작대로7길 11 (사당동),1건
토방소곱창,"곱창,막창,양",맛있어요,서울특별시 동작구 동작대로7길 11 (사당동),1건
토방소곱창,"곱창,막창,양",굿,서울특별시 동작구 동작대로7길 11 (사당동),1건
토방소곱창,"곱창,막창,양",굳,서울특별시 동작구 동작대로7길 11 (사당동),1건
토방소곱창,"곱창,막창,양",주인 아주머니께서 계속 뒤집어줘서 안태우고 잘먹었습니다!,서울특별시 동작구 동작대로7길 11 (사당동),1건
토방소곱창,"곱창,막창,양","사장님 너무 친절하세요!!
원형그대로 초벌해 나와서 신선하고 깨끗하고 좋았어요!
맛도좋고 단골될것같아요^^",서울특별시 동작구 동작대로7길 11 (사당동),1건
토방소곱창,"곱창,막창,양","진짜 강추하는 곳. 최근에 가본 식당 중 제일 만족한 곳이네요. 먹어본 곱창 중 제일 맛있고 양이 진짜 많음👍👍👍여지껏 곱창 먹으면서 양에 만
족해본 적이 없었는데 여기선 3인분 같은 2인분을 처음 먹어봤네요 !! 심지어 엄청 배고픈 상태로 갔는데도 2인분 먹고 배부르다고 생각들었으면 
뭐..말 다한듯하네요ㅎㅎ대파김치도 부추 무침도 너무 맛있는데 계속 양껏 먹을 수 있게 리필해주시고 사장님이 너무 친절하시고 날개 없...",서울특별시 동작구 동작대로7길 11 (사당동),1건
토방소곱창,"곱창,막창,양",굿,서울특별시 동작구 동작대로7길 11 (사당동),1건
토방소곱창,"곱창,막창,양",맛있게 먹었습니다.,서울특별시 동작구 동작대로7길 11 (사당동),1건
토방소곱창,"곱창,막창,양",진짜맛있어요,서울특별시 동작구 동작대로7길 11 (사당동),1건
토방소곱창,"곱창,막창,양","근방의 곱창 가운데
친절함과 맛은 당연히",서울특별시 동작구 동작대로7길 11 (사당동),1건
토방소곱창,"곱창,막창,양",,서울특별시 동작구 동작대로7길 11 (사당동),1건
토방소곱창,"곱창,막창,양",다양한 야채와 친절하신 사장님 덕분에 곱창을 맛있게 먹었습니다!,서울특별시 동작구 동작대로7길 11 (사당동),1건
토방소곱창,"곱창,막창,양",굿,서울특별시 동작구 동작대로7길 11 (사당동),1건
토방소곱창,"곱창,막창,양",굿,서울특별시 동작구 동작대로7길 11 (사당동),1건
토방소곱창,"곱창,막창,양","여기 곱창머그면 딴데못감
이모님 짱친절하구 곱창 미쳣음
벌써 10번은 다녀온듯",서울특별시 동작구 동작대로7길 11 (사당동),1건
토방소곱창,"곱창,막창,양",춈맛탱에에엥,서울특별시 동작구 동작대로7길 11 (사당동),1건
토방소곱창,"곱창,막창,양",맛있어요,서울특별시 동작구 동작대로7길 11 (사당동),1건
토방소곱창,"곱창,막창,양","여사장님 정말 친절하세요~ 곱창은 넘 맛있었구, 제가 간 날은 대창은 조금 그랬어요",서울특별시 동작구 동작대로7길 11 (사당동),1건
토방소곱창,"곱창,막창,양",유명하데요,서울특별시 동작구 동작대로7길 11 (사당동),1건
토방소곱창,"곱창,막창,양","갈때마다 존맛
딴집 못가여 ㅠㅎㅎㅎ",서울특별시 동작구 동작대로7길 11 (사당동),1건
토방소곱창,"곱창,막창,양",꺄,서울특별시 동작구 동작대로7길 11 (사당동),1건
도리도리하찌,닭볶음탕,볶음밥 필수 !,서울특별시 동작구 흑석로13가길 43 (흑석동),1건
도리도리하찌,닭볶음탕,굿,서울특별시 동작구 흑석로13가길 43 (흑석동),1건
도리도리하찌,닭볶음탕,"한번 먹어보고 싶었는데 맛나용!
포장해서 잘 먹었어요",서울특별시 동작구 흑석로13가길 43 (흑석동),1건
도리도리하찌,닭볶음탕,처음와봣는데...진짜 리뷰처럼 닭비린내가 엄청 마니나요 뜨거울때도 나고ㅜ식으면 더나요..알바분은 불친절하진않앗어요..그리구 국물도 신맛이좀 나요 쫄이면 더나고ㅜㅜ 넘 슬픈맛....,서울특별시 동작구 흑석로13가길 43 (흑석동),1건
도리도리하찌,닭볶음탕,옛날만큼 맛있진 않은거같은 아쉬움ㅠㅠ,서울특별시 동작구 흑석로13가길 43 (흑석동),1건
도리도리하찌,닭볶음탕,주차안되고 장소협소. 직원은 친절. 음식은 글쎄네요. 일반적인 닭볶음탕은 아닌듯. 라면사리를 미리 넣어서 끓여와서 펴져서 먹기 힘들었음. 가격만큼하는듯. 재방문 의사는 없어요,서울특별시 동작구 흑석로13가길 43 (흑석동),1건
도리도리하찌,닭볶음탕,굿,서울특별시 동작구 흑석로13가길 43 (흑석동),1건
도리도리하찌,닭볶음탕,넘맛있음,서울특별시 동작구 흑석로13가길 43 (흑석동),1건
도리도리하찌,닭볶음탕,Jmt,서울특별시 동작구 흑석로13가길 43 (흑석동),1건
도리도리하찌,닭볶음탕,닭냄새 안나고 맛있어요!,서울특별시 동작구 흑석로13가길 43 (흑석동),1건
도리도리하찌,닭볶음탕,맛나요~~,서울특별시 동작구 흑석로13가길 43 (흑석동),1건
도리도리하찌,닭볶음탕,굳,서울특별시 동작구 흑석로13가길 43 (흑석동),1건
도리도리하찌,닭볶음탕,굿,서울특별시 동작구 흑석로13가길 43 (흑석동),1건
도리도리하찌,닭볶음탕,굳,서울특별시 동작구 흑석로13가길 43 (흑석동),1건
도리도리하찌,닭볶음탕,"장점 1.음식 빨리 나옴 2. 맛 괜찮음 3. 매뉴의 선택과 사리 종류의 옵션은 괜찮음 단점. 1. 볶음밥 주문시 볶음탕 국물 가지고 만들었나 싶을 정도
로 국물 버리고 만듬 2. 볶음밥 가격이 3000원/1인분 인데 2000원 정도 밎추는게 적절해 보임",서울특별시 동작구 흑석로13가길 43 (흑석동),1건
도리도리하찌,닭볶음탕,굿.,서울특별시 동작구 흑석로13가길 43 (흑석동),1건
도리도리하찌,닭볶음탕,굿,서울특별시 동작구 흑석로13가길 43 (흑석동),1건
도리도리하찌,닭볶음탕,맛있어용~,서울특별시 동작구 흑석로13가길 43 (흑석동),1건
도리도리하찌,닭볶음탕,좋아용❤️,서울특별시 동작구 흑석로13가길 43 (흑석동),1건
도리도리하찌,닭볶음탕,쫀맛,서울특별시 동작구 흑석로13가길 43 (흑석동),1건
도리도리하찌,닭볶음탕,"너무맛잇게잘먹었습니당ㅋㄷ
지나가는데 냄새에ㅠㅠ홀려들어갔어용",서울특별시 동작구 흑석로13가길 43 (흑석동),1건
도리도리하찌,닭볶음탕,맛은있는데 깔끔한느낌은 아니에요ㅎㅎ,서울특별시 동작구 흑석로13가길 43 (흑석동),1건
도리도리하찌,닭볶음탕,감자전은 다 타서 나왓구요.. 닭에 양념이 너무 안배어잇어요,서울특별시 동작구 흑석로13가길 43 (흑석동),1건
도리도리하찌,닭볶음탕,맛있어요,서울특별시 동작구 흑석로13가길 43 (흑석동),1건
도리도리하찌,닭볶음탕,"마늘 잔뜩 넣은 닭볶음탕은 다른곳과는 좀 다르게 맛이 좋다 거짐 다 익혀 나온덕에 테이블에 서빙 후 바로 먹을 수 있어 좋다 점심시간을 피해가
니 다소 한적해 기다림이 필요없다 다만 굳이 밥을 따로 팔아야 하는지(이집만의 문제는 아니지만) 그리고 라면 사리를 밥보다 비싼 2000원에 파
는건 좀 아쉽다.  반찬에 김치가 혹은 동치미나 물김치가 있었으면 하는 생각도 든다",서울특별시 동작구 흑석로13가길 43 (흑석동),1건
도리도리하찌,닭볶음탕,손님이 많네요 알바생 바빠보여요,서울특별시 동작구 흑석로13가길 43 (흑석동),1건
도리도리하찌,닭볶음탕,맛은있으나 청결은...글쎄,서울특별시 동작구 흑석로13가길 43 (흑석동),1건
도리도리하찌,닭볶음탕,"맛은 쏘쏘 
근데 코로나 예방 조치하지 않음 
들어갔는데 온도체크도 안하도 방명록 작성도 안함",서울특별시 동작구 흑석로13가길 43 (흑석동),1건
도리도리하찌,닭볶음탕,맛나요ㅠ 볶으빱 지림,서울특별시 동작구 흑석로13가길 43 (흑석동),1건
도리도리하찌,닭볶음탕,알바생분이 친절해요 4단계는 진짜 매워요,서울특별시 동작구 흑석로13가길 43 (흑석동),1건
다래식당,한식,"한식의 끝판왕 ! 알게 된 이후로 주기적으로 가고 있는데 너무 맛있고 가성비도 좋아요 :) 매장에 혼술 하시는 분들도 많고 반주하기에도 최고 쌈 
싸먹을 때 마늘은 꼭 넣어줘야 합니다웅 잘 먹었습니다 !!",서울특별시 동작구 만양로2길 2 (상도동),3건
다래식당,한식,"추억의 다래식당
오랜만에 가서 #주물럭청국장 먹었는데 역시나 맛있었습니다.
가성비 최고!!",서울특별시 동작구 만양로2길 2 (상도동),3건
다래식당,한식,앉자마자 바로 음식이 나오고 가격이 정말 저렴합니다:) 양은 사진으로 적어보이는데 먹다보면 너어어어무 배불러요! 가성비 맛집 인정합니다,서울특별시 동작구 만양로2길 2 (상도동),3건
다래식당,한식,"고기가 물기가  없엇고 다른 반찬은 좀 부실 한듯
한번은 먹어도 좋아요",서울특별시 동작구 만양로2길 2 (상도동),3건
다래식당,한식,"앉자마자 음식이 나와요!! 청국장 맛 순해서 못먹는사람도 먹겠더라고요ㅋㅋ 다만 끓여서 안나오고 퍼줘서 금방 식어여 고기 양이 좀 작지만 고기
도 부드럽고 달달하니 맛있는데..나오다보니 원산지가 미국산이네요~ 8천원에 이정도면 괜찮은듯~ 사람 엄청 많네여!!",서울특별시 동작구 만양로2길 2 (상도동),3건
다래식당,한식,넘 맛있어요~~~~~~!! 바로 옆이 집인데 왜 이제야 알았을까 싶네영,서울특별시 동작구 만양로2길 2 (상도동),3건
다래식당,한식,"@주문하면 음식이 금방 나와요. @청국장 맛있어요. @주물럭의 양은 살짝 적은 듯 싶지만 8,000원 생각하면 가성비 좋아요. @오래된 식당이라,
 식탁이나 방석이 깨끗하진 않아요. @주차장은 따로 없어요.",서울특별시 동작구 만양로2길 2 (상도동),3건
다래식당,한식,가성비 최고! 청국장도 맛있어요,서울특별시 동작구 만양로2길 2 (상도동),3건
다래식당,한식,유퀴즈 나온줄 몰랐는데 가서 보니 방송 봤던 게 생각났어요 ㅋㅋ 가성비 좋게 잘먹었습니다~,서울특별시 동작구 만양로2길 2 (상도동),3건
다래식당,한식,"주인이 무조건 바꼈습니다  맛있는녀석들에 나오던 그 주인분 아니예요  고기양념이나 양이나 밑반찬도 맛이 변했습니다  예전엔 8천원이 아깝지
않을 정도로 맛있고 만족이였지만 지금은 6천원도 아까울 맛입니다  맛.청결.서비스 모두 다 불만족이며 상추는 재사용에 시들해서 기분나쁠 정
도이며 비추천입니다 ",서울특별시 동작구 만양로2길 2 (상도동),3건
다래식당,한식,"사람들이 항상 많이있는곳..
사람많은곳은 역시나 이유가있네요..
맛있네요..",서울특별시 동작구 만양로2길 2 (상도동),3건
다래식당,한식,청국장 맛있음. 고소함. 페브리즈도 있어서 좋음.,서울특별시 동작구 만양로2길 2 (상도동),3건
다래식당,한식,맛있어요 마늘 짱아찌맛나요~~~~,서울특별시 동작구 만양로2길 2 (상도동),3건
다래식당,한식,삼삼하니 맛있었어요!,서울특별시 동작구 만양로2길 2 (상도동),3건
다래식당,한식,항상 너무 맛있게 먹고 갑니장 ,서울특별시 동작구 만양로2길 2 (상도동),3건
다래식당,한식,"늘 사람이 많아 포장해서 먹었어요.
청국장과 돼지의 조합. 드셔야해요",서울특별시 동작구 만양로2길 2 (상도동),3건
다래식당,한식,주물럭과 청국장 단일메뉴,서울특별시 동작구 만양로2길 2 (상도동),3건
다래식당,한식,이집 맛집 확실합니다,서울특별시 동작구 만양로2길 2 (상도동),3건
다래식당,한식,"갈때마다 점점 더 불친절하세요. 바쁠땐 바빠서라지만 나름 한가한 시간대라  3테이블 있었어요. 죄송해서 한번에 요청드리려고 손들고 ""사장님 
반찬좀 더 부탁드려요~했더니 오시지도.. 쳐다보시지도 않고 저~기 멀리서 뭐뭐 필요한지 말을 하라고퉁명스럽게 말씀하시네요. 독서실같은 분
의기에 다른테이블도 식사중이신데 고추랑 마늘이랑 콩나물이요. 라고 소리쳤어요;;;  주차 여쭤봐도 없어요~ 끝! 은은하게 불조절하고 있...",서울특별시 동작구 만양로2길 2 (상도동),3건
다래식당,한식,점점불친절해지고청국장도주물럭도싱거워진다위생도별로고할머니가그립다,서울특별시 동작구 만양로2길 2 (상도동),3건
다래식당,한식,혼자 먹기도  같이 먹기도 좋아요~~~ 근대 몇년째 오는데 반찬은 항상 같아요 가격만 계속 오르구요~! 유재석씨도 뉴퀴즈에서 오셨던 곳~,서울특별시 동작구 만양로2길 2 (상도동),3건
다래식당,한식,"주물럭 먹으러 가는 집이라 사실 반찬은 딱히 손 갈 곳이 없는 곳이다 김치라도 추가 요청시 여유롭게 주시면 싶다 먹을만 하니 더 달라는건데 한 
가닥은 심하지 않은가 싶다 3명이서 추가요청에 한 가닥!!! 아끼는건 좋지만, 남는게 아까워서는 알지만 ᆢᆢᆢ",서울특별시 동작구 만양로2길 2 (상도동),3건
다래식당,한식,"점심 피크타임에 가서 사람들이 정말 많았지만  그럼에도 불구하고 가성비가 좋아 혼밥하고 왔네요:) 맛있었어요~ 배추는 싱싱하고 청국장은 간
이 좀 심심했지만 이 정도면 훌륭하다고 생각합니다❗️",서울특별시 동작구 만양로2길 2 (상도동),3건
다래식당,한식,"예전부터 먹던곳이라 가끔 생각나요
남친도 맛있다고 잘 먹고요..",서울특별시 동작구 만양로2길 2 (상도동),3건
다래식당,한식,청국장짜지도 않고 단백하네요ㆍ주물럭이랑 환상궁합이네요,서울특별시 동작구 만양로2길 2 (상도동),3건
다래식당,한식,청국장은 슴슴한편.,서울특별시 동작구 만양로2길 2 (상도동),3건
다래식당,한식,넘넘 맛있어요 주기적으로 가줘야해욤ㅎㅎ,서울특별시 동작구 만양로2길 2 (상도동),3건
다래식당,한식,맛있어요,서울특별시 동작구 만양로2길 2 (상도동),3건
다래식당,한식,맛집이네요. .,서울특별시 동작구 만양로2길 2 (상도동),3건
다래식당,한식,가갹대비 맛있어요.,서울특별시 동작구 만양로2길 2 (상도동),3건
아는포차,포장마차,닭도리탕 맛잇엇어툐,서울특별시 동작구 동작대로7길 10 (사당동),5건
아는포차,포장마차,음식맛은 평범한데 서비스가 너무 불친절하세요.... 다신 가고 싶지 않아요.,서울특별시 동작구 동작대로7길 10 (사당동),5건
아는포차,포장마차,좋아요.,서울특별시 동작구 동작대로7길 10 (사당동),5건
아는포차,포장마차,좋아요,서울특별시 동작구 동작대로7길 10 (사당동),5건
아는포차,포장마차,조아요,서울특별시 동작구 동작대로7길 10 (사당동),5건
아는포차,포장마차,닭볶음탕 진자 리얼 맛나요,서울특별시 동작구 동작대로7길 10 (사당동),5건
아는포차,포장마차,적당 무난합니다. 사케한잔!,서울특별시 동작구 동작대로7길 10 (사당동),5건
아는포차,포장마차,치즈 계란말이 조금 비싸지만 맛있어요!,서울특별시 동작구 동작대로7길 10 (사당동),5건
아는포차,포장마차,#마늘닭도리탕 #아는포차 존맛탱... 먹다가 포장해감...,서울특별시 동작구 동작대로7길 10 (사당동),5건
아는포차,포장마차,분위기 이쁘고 닭도리탕 맛있어요,서울특별시 동작구 동작대로7길 10 (사당동),5건
아는포차,포장마차,묵은지 닭도리 묵었는데.... 별루;; 비쥬얼도 빈약...,서울특별시 동작구 동작대로7길 10 (사당동),5건
아는포차,포장마차,닭도리탕이랑 계란말이 세트 시켯는데 둘다 맛있었고 한라산 엄청싸서 한라토닉 먹엇네요!! 추천,서울특별시 동작구 동작대로7길 10 (사당동),5건
아는포차,포장마차,맛나용,서울특별시 동작구 동작대로7길 10 (사당동),5건
아는포차,포장마차,연어사시미괜찮은데 먹다보면 살짝 비림,서울특별시 동작구 동작대로7길 10 (사당동),5건
아는포차,포장마차,역수ㅣ 맛ㅇ있습니댜,서울특별시 동작구 동작대로7길 10 (사당동),5건
아는포차,포장마차,문어숙회와 오이 조합은 별로였다 ,서울특별시 동작구 동작대로7길 10 (사당동),5건
아는포차,포장마차,여기는 마늘닭도리탕이 최고임. 이거만 먹으면 됨.,서울특별시 동작구 동작대로7길 10 (사당동),5건
아는포차,포장마차,맛있습니다.,서울특별시 동작구 동작대로7길 10 (사당동),5건
아는포차,포장마차,좋아요,서울특별시 동작구 동작대로7길 10 (사당동),5건
아는포차,포장마차,"#사당역#맛집포차
닭도리탕 짱 존맛탱",서울특별시 동작구 동작대로7길 10 (사당동),5건
아는포차,포장마차,"마늘닭도리탕 맛있어요 ㅎㅎ
연어도 숙성인거같아요~ 부드러워요!",서울특별시 동작구 동작대로7길 10 (사당동),5건
아는포차,포장마차,마늘 닭도리탕과 연어사시미 세트 좋아요,서울특별시 동작구 동작대로7길 10 (사당동),5건
원조강릉교동반점,중식당,매장이 청결하면 더 좋을거같아요^^맛있어요,서울특별시 동작구 만양로 94-2 (노량진동),1건
원조강릉교동반점,중식당,좋아요.^^,서울특별시 동작구 만양로 94-2 (노량진동),1건
원조강릉교동반점,중식당,최고,서울특별시 동작구 만양로 94-2 (노량진동),1건
원조강릉교동반점,중식당,2번째 방문,서울특별시 동작구 만양로 94-2 (노량진동),1건
원조강릉교동반점,중식당,맛있어요^^~,서울특별시 동작구 만양로 94-2 (노량진동),1건
원조강릉교동반점,중식당,굿,서울특별시 동작구 만양로 94-2 (노량진동),1건
원조강릉교동반점,중식당,맛잇어요,서울특별시 동작구 만양로 94-2 (노량진동),1건
원조강릉교동반점,중식당,.,서울특별시 동작구 만양로 94-2 (노량진동),1건
원조강릉교동반점,중식당,,서울특별시 동작구 만양로 94-2 (노량진동),1건
원조강릉교동반점,중식당,맛있어요,서울특별시 동작구 만양로 94-2 (노량진동),1건
신짱스시,"초밥,롤",넘 맛있고 친절하시고 좋아요 미리전화해놓고가면 좋아요,"서울특별시 동작구 상도로30길 8, 2층 (상도동)",3건
신짱스시,"초밥,롤",가성비 잘나와요,"서울특별시 동작구 상도로30길 8, 2층 (상도동)",3건
신짱스시,"초밥,롤","수원서 놀러온 친구와 맛난 음식에
즐거운 하루였어요
도미머리 서비스도 감사합니다","서울특별시 동작구 상도로30길 8, 2층 (상도동)",3건
신짱스시,"초밥,롤",참치 들어간 메뉴가 스알짝 비린 것 빼곤 다 맛있었어요!,"서울특별시 동작구 상도로30길 8, 2층 (상도동)",3건
신짱스시,"초밥,롤","사시미 코스와 모듬초밥 시켰어요.
가성비 좋고, 맛있어요^^","서울특별시 동작구 상도로30길 8, 2층 (상도동)",3건
신짱스시,"초밥,롤","아들내외랑 맛있는저녁식사했습니다.
도미머리구이 써비스도 좋았어요","서울특별시 동작구 상도로30길 8, 2층 (상도동)",3건
신짱스시,"초밥,롤",참치무침 진짜진짜 맛있어요... 술안주로 짱이에요...,"서울특별시 동작구 상도로30길 8, 2층 (상도동)",3건
신짱스시,"초밥,롤",늘 만족 흠 잡을곳이 없어요,"서울특별시 동작구 상도로30길 8, 2층 (상도동)",3건
신짱스시,"초밥,롤",런치초밥 가성비 좋아요~ 맛있어요,"서울특별시 동작구 상도로30길 8, 2층 (상도동)",3건
신짱스시,"초밥,롤",항상 정말 맛있게 먹고 옵니다. 집 앞이었으면 좋겠어요 ㅠㅎㅎ,"서울특별시 동작구 상도로30길 8, 2층 (상도동)",3건
신짱스시,"초밥,롤","맛과 친절함은 여전히 좋구요,
사시미 숙성은 좋은데 참치회는 너무 해동된 것 같아요
다만 예전보다 서비스가 줄었네요 예전엔 연어머리구이였는데 지금은 연어탕슈?로 바꼈어요","서울특별시 동작구 상도로30길 8, 2층 (상도동)",3건
신짱스시,"초밥,롤",매번 급히 먹느라 사진찍을새가 없네요. 맛있어요,"서울특별시 동작구 상도로30길 8, 2층 (상도동)",3건
신짱스시,"초밥,롤",음식도 신선하고 맛있어요!,"서울특별시 동작구 상도로30길 8, 2층 (상도동)",3건
신짱스시,"초밥,롤",맛있어요~~ 신세트 양도 넉넉해요!,"서울특별시 동작구 상도로30길 8, 2층 (상도동)",3건
신짱스시,"초밥,롤",또 방문할게여~~~^^,"서울특별시 동작구 상도로30길 8, 2층 (상도동)",3건
신짱스시,"초밥,롤",,"서울특별시 동작구 상도로30길 8, 2층 (상도동)",3건
신짱스시,"초밥,롤","내부도 넓고 깨끗하고, 맛도 있고! 양도 좋구요!ㅎㅎ
무엇보다 예약할 수 있는게 넘넘 편하고 좋아요!","서울특별시 동작구 상도로30길 8, 2층 (상도동)",3건
신짱스시,"초밥,롤",매번 예약하고 방문하는데ㅠㅠ정말맛있어요!!다음에 또 방문할게요!!,"서울특별시 동작구 상도로30길 8, 2층 (상도동)",3건
신짱스시,"초밥,롤",항상 자주 갑니다.,"서울특별시 동작구 상도로30길 8, 2층 (상도동)",3건
신짱스시,"초밥,롤",음식이 깔끔하고 맛있어요. 그러나 매장이 2층인데 올라오는 계단이 너무도 지저분하고 허름해요. 옥의 티라고 하기엔 아쉬운  결점입니다.,"서울특별시 동작구 상도로30길 8, 2층 (상도동)",3건
신짱스시,"초밥,롤","초밥,회 다맛있어요~","서울특별시 동작구 상도로30길 8, 2층 (상도동)",3건
신짱스시,"초밥,롤",😄,"서울특별시 동작구 상도로30길 8, 2층 (상도동)",3건
신짱스시,"초밥,롤",연어랑 초밥회가 너무 얇아졌어요,"서울특별시 동작구 상도로30길 8, 2층 (상도동)",3건
신짱스시,"초밥,롤",가성비는 좋아요.. 오늘따라 맛이 좀 아쉬운듯..,"서울특별시 동작구 상도로30길 8, 2층 (상도동)",3건
신짱스시,"초밥,롤",<신세트A>를 시켜서 먹었어요. 참치무침맛  짱!  자주 이용하는데 일단  비용도 가볍고  맛있어서 굿입니다. 다만 음식점 입구가 너무 허술해서 처음 오는 분들은 다소 실망하실듯요.,"서울특별시 동작구 상도로30길 8, 2층 (상도동)",3건
신짱스시,"초밥,롤",항상 너무 맛있습니다…! 이만한 초밥집 진짜 없어요. 당연히 또 갈거에요.,"서울특별시 동작구 상도로30길 8, 2층 (상도동)",3건
신짱스시,"초밥,롤","동작보건소 근처에 있는 신짱스시^^  맛도 짱, 친절도 짱, 신선도 짱 가격도 짱입니다.  All 4짱임!  점심메뉴로 <신A세트> 를 강추합니다","서울특별시 동작구 상도로30길 8, 2층 (상도동)",3건
신짱스시,"초밥,롤",동네 초밥 맛집,"서울특별시 동작구 상도로30길 8, 2층 (상도동)",3건
신짱스시,"초밥,롤","자주 가는데 신세트 연어회랑 초밥의 생선이 너무 얇아졌어요.
차라리 가격을 올리지 이런거 너무 싫어요.","서울특별시 동작구 상도로30길 8, 2층 (상도동)",3건
신짱스시,"초밥,롤",맛있어요 ,"서울특별시 동작구 상도로30길 8, 2층 (상도동)",3건
한울갈비,"육류,고기요리","세명이서 돼지갈비 3인분 처음에 시켰습니다. 맛있으면 소갈비로 더시켜야지~ 하면서요.... 200gX3 =600g 고기 양이 사진만큼이랍니다. 아무리
봐도 1.5-2인분 양이어서 다시 물어보니 직원이와서 2인분양이라고 더 가져다 준다고 합니다. 5분뒤... 사장님? 같은 여자분이와서 고기가 두꺼워
서 저게 3인분(600그람)이 맞다며 고기를 구워줍니다. 계란찜 시키려다가 안시키고 한사람당 네점씩 먹고 58,000원이나 계산하고 나왔네...",서울특별시 동작구 동작대로1길 9 (사당동),10건
한울갈비,"육류,고기요리",진짜 미친맛입니다 살치살이 특히 사르르르르녹아요 남친 칠순잔치여기로해야겠어오,서울특별시 동작구 동작대로1길 9 (사당동),10건
한울갈비,"육류,고기요리","5/7(토) 5인 방문, 2층에서 식사.
사장으로 보이는 주인 아줌마 외 서빙 직원분들의 태도, 서비스 친절도는 0점을 주고 싶습니다. 고기 맛, 서비스 등 모든 것이 기본 이하였습니다. 2층이 텅 비어있는 점 하나 좋았네요. 초역세에 손님이 없는 이유... 다 이유가 있네요. 공짜로 식사를 제공한다고 해도 재방문 의사는 없습니다.",서울특별시 동작구 동작대로1길 9 (사당동),10건
한울갈비,"육류,고기요리",부모님 모시고 방문했던 곳 ㅎㅎ진짜 너무너무 좋아심 분위기도 좋고 고기 퀄리티가 너무 마음에 들어서 야무지게 먹었던 곳 !!!! 소문난 이유가 따로 있네❤️‍🔥,서울특별시 동작구 동작대로1길 9 (사당동),10건
한울갈비,"육류,고기요리","여기는 냉면도 맛있네ㅎㅎ 오랜만에 맛있는 걸 먹었더니 행복해^^ 한우모둠이랑 냉면시켜먹었는데 여긴 냉면도 맛있잖아,, 바로 비냉  추가로 시켜서 순삭해버림. 한울갈비 인정 ㅋㅋㅋ",서울특별시 동작구 동작대로1길 9 (사당동),10건
한울갈비,"육류,고기요리","부모님 모시고 다녀왔는데, 아빠가 엄청 잘 드셨어요! 평소 고기를 잘 안드셔서 걱정했는데 너무 맛있게 드셔서 다음 재방문 꼭 할꺼에요!!!!! 👍🏻👍🏻👍🏻",서울특별시 동작구 동작대로1길 9 (사당동),10건
한울갈비,"육류,고기요리",넘넘 맛있는 갈비! 오랜만에 친구들과 배터지게 먹었네요 ㅎㅎ 매장도 넓고 맛있어서 자주 올것 같아요 !,서울특별시 동작구 동작대로1길 9 (사당동),10건
한울갈비,"육류,고기요리",회식으로 오면 딱 좋은거 같습니다 ㅎㅎ 역시 갈비는 갈비에요 맛있어요! 재방문 있습니다!,서울특별시 동작구 동작대로1길 9 (사당동),10건
한울갈비,"육류,고기요리","오래된 가게 느낌이 물씬 풍기는 분위기 입니다. 가스불로 굽고, 일하시는 분들은 무뚝뚝합니다. 등심, 살치살 먹었는데. 손님이 많지도 않았는데 구워주지도 않네요. 기본 반찬에 샐러드가 있었는데, 추가하려면 요금이 있다고 합니다. 여자친구가 고기를 좋아해서 갔는데, 너무 미안해서 화가 나는 가게입니다.",서울특별시 동작구 동작대로1길 9 (사당동),10건
한울갈비,"육류,고기요리","저희집 대식구들 모두 출동해서 갔는데 매장이 넓어서 좋드라구용🤗 저희가족들 인원 많았는데 직원분들 친절하게 응대해주셔서 너무 감사했습
니다🥰 고기가 신선하고 정말 맛있었어요. 된장찌개까지 맛있게 먹고 왔어요👍👍",서울특별시 동작구 동작대로1길 9 (사당동),10건
한울갈비,"육류,고기요리",고기가 이렇게 부드럽고 촉촉하다니 감덩.. 코시국이라 미니미회식으로 정말 잘 다녀왔어요. 사람들한테 맛집 잘 찾았다고 칭찬 받았어요~ 다음에 또갈게요!,서울특별시 동작구 동작대로1길 9 (사당동),10건
한울갈비,"육류,고기요리","음식 맛도 있어요.
신선하고, 가족모임, 회식하기도 좋은거 같아요!",서울특별시 동작구 동작대로1길 9 (사당동),10건
한울갈비,"육류,고기요리",매장도 깔끔하고 직원분들이 너무 친절하세요 맛은 두말할것도 없어요,서울특별시 동작구 동작대로1길 9 (사당동),10건
한울갈비,"육류,고기요리",친절하고 좋습니다.,서울특별시 동작구 동작대로1길 9 (사당동),10건
한울갈비,"육류,고기요리","갈비는 역시 뜯는맛
기본에 충실한맛 잘먹고갑니다 ❤",서울특별시 동작구 동작대로1길 9 (사당동),10건
한울갈비,"육류,고기요리",음식도 맛있고 재료가 신선해서 너무너무 좋았습니다 적게일하고 많이버세요💚,서울특별시 동작구 동작대로1길 9 (사당동),10건
한울갈비,"육류,고기요리","역시 갈비는 한울갈비인걸까요,,지인들 데려가서 먹었는데 같이간 지인들 전부 맛있다고 박수,,를!!! 전부 다맛있어요! 육즙이 팡팡! 입안에서 살살~ 녹고 술도 술술~ 들어갔어용ㅎㅎ다음에 또 방문합니댜잉~",서울특별시 동작구 동작대로1길 9 (사당동),10건
한울갈비,"육류,고기요리","삼겹살에 막걸리 한잔 먹으니깐 그냥 식도를 타고 슬라이딩하는 이 느낌;;;
벌써 또 먹고싶네요 굿굿",서울특별시 동작구 동작대로1길 9 (사당동),10건
한울갈비,"육류,고기요리","손님이 많은데도 친절히 응대해주셔서 너무 좋았고, 매장도 넓고 깨끗해요! ㅎ
오랫만에 맛있는 고기로 폭식하고 왔어요!!  잘먹고 왔습니다",서울특별시 동작구 동작대로1길 9 (사당동),10건
한울갈비,"육류,고기요리",쌉존맛 진짜 맛있어요 사장님도 친절하시고 고기도 맛있고 가게 시설도 깔끔하니 좋네요,서울특별시 동작구 동작대로1길 9 (사당동),10건
한울갈비,"육류,고기요리","모임장소로 딱이네요 매장도넓고 친절하셔서 기분좋게 먹고왔습니다 고기도 너무 맛있어요
다음에 또 올게요",서울특별시 동작구 동작대로1길 9 (사당동),10건
한울갈비,"육류,고기요리","정말 너무 맛있게 먹고왔습니다! 갈비에 술이 아주 술술 들어가네요 🤤 매장이 넓어서 코로나만 좀 잠잠해지면 가족모임, 단체모임도 괜찮을것 
같아요!  다음에 재방문 예정이예요!!! 추천합니다!",서울특별시 동작구 동작대로1길 9 (사당동),10건
한울갈비,"육류,고기요리","한울갈비 첫 방문이었는데 너무너무 맛있어서 깜짝놀랬어요!ㅠㅜ 직원분들도 넘넘 친절하시구,, 조만간 또 가겠습니다!!!!!",서울특별시 동작구 동작대로1길 9 (사당동),10건
한울갈비,"육류,고기요리",한우모둠의 구성이 너무 만족스러웠고 냉면 역시 너무 맛있어서 고기와 곁들여 먹기 참 좋았습니다. 매장이 넓고 쾌적하여 단체로 가기에 딱인 곳이였습니다 :),서울특별시 동작구 동작대로1길 9 (사당동),10건
한울갈비,"육류,고기요리",여한 없이 한우모둠을 즐길 수 있는 곳이였습니다. 쾌적한 매장 컨디션에 깔끔하게 먹을 수 있었고 고기가 신선하여 참 맛있었습니다^^,서울특별시 동작구 동작대로1길 9 (사당동),10건
한울갈비,"육류,고기요리","매장이 넓어서 단체모임하기 너무 좋아요!! 사장님이 친절하시고 재료가 신선해서 그런지 진짜
맛있었습니다 또 방문할게요~",서울특별시 동작구 동작대로1길 9 (사당동),10건
한울갈비,"육류,고기요리",굳,서울특별시 동작구 동작대로1길 9 (사당동),10건
한울갈비,"육류,고기요리",양도 많고 사장님도 친절하세요!!음식도 맛있고 사진찍어야하는데 후다닥 먹기바빴네요ㅎㅎ 다음에 또 방문할께요.,서울특별시 동작구 동작대로1길 9 (사당동),10건
한울갈비,"육류,고기요리","재료가 신선하고 음식이 맛있어요^^
매장이 넓어서 단체모임하기 좋을것같아요!
맛있고 친절하셔서 기분좋게 먹고왔습니다. 재방문할게요^^",서울특별시 동작구 동작대로1길 9 (사당동),10건
한울갈비,"육류,고기요리",오랜만에 친구들과 함께 모임한곳이었는데 맛도 훌륭하고 매장도 깔끔하여 기분좋게 다녀왔어요,서울특별시 동작구 동작대로1길 9 (사당동),10건
성상등갈비,"육류,고기요리",등갈비 조맵(조금매움)먹었는데 많이 안맵고 맛있습니다. 김치국 시원하니 깔끔했고 전반적으로 음식맛이 좋았습니다.,서울특별시 동작구 신대방길 108 (신대방동),0건
성상등갈비,"육류,고기요리",계란찜 무한리필이여서 더 좋았다,서울특별시 동작구 신대방길 108 (신대방동),0건
성상등갈비,"육류,고기요리",일단 기본적으로 불친절함. 주인이신지 사장님이신지  등갈비는 먹을만한데 냉면은 맛이없네요  그냥 후식냉면이나 드세요 재방문의사 1도없습니다.,서울특별시 동작구 신대방길 108 (신대방동),0건
성상등갈비,"육류,고기요리","#안매는 그냥 먹기 딱좋음
#겁매 2단계는 진짜 미치게 매움
#구워 주셔서 바로 먹을수있어서 좋음",서울특별시 동작구 신대방길 108 (신대방동),0건
성상등갈비,"육류,고기요리",먹고나서 배탈도 안나고 정말 맛있었어요! 최고!,서울특별시 동작구 신대방길 108 (신대방동),0건
성상등갈비,"육류,고기요리",,서울특별시 동작구 신대방길 108 (신대방동),0건
성상등갈비,"육류,고기요리",동네 맛집으로 등갈비는 여기 이길자가 없어요 ㅠㅠ 정말 맛있고 반찬 떨어지기전에 항상 챙겨주셔요!,서울특별시 동작구 신대방길 108 (신대방동),0건
성상등갈비,"육류,고기요리",맛있어요 ,서울특별시 동작구 신대방길 108 (신대방동),0건
성상등갈비,"육류,고기요리",넘맛있음,서울특별시 동작구 신대방길 108 (신대방동),0건
성상등갈비,"육류,고기요리",좋아요,서울특별시 동작구 신대방길 108 (신대방동),0건
성상등갈비,"육류,고기요리",맛잇어요,서울특별시 동작구 신대방길 108 (신대방동),0건
성상등갈비,"육류,고기요리",넘넘 맛있어요 !!!,서울특별시 동작구 신대방길 108 (신대방동),0건
성상등갈비,"육류,고기요리",👍👍👍👍👍,서울특별시 동작구 신대방길 108 (신대방동),0건
성상등갈비,"육류,고기요리","정말 맛있어요.
가족 외식은 항상 여기서~~ㅎㅎ",서울특별시 동작구 신대방길 108 (신대방동),0건
성상등갈비,"육류,고기요리",맛있게 잘 먹었어용~|,서울특별시 동작구 신대방길 108 (신대방동),0건
성상등갈비,"육류,고기요리",엄청 맛있을정도는 아니고 냄새안나고 적당히 맛있는정도에요. 가격이 확 저렴하진않은데 계란찜이랑 찌개가 나와서 그나마 다행,서울특별시 동작구 신대방길 108 (신대방동),0건
성상등갈비,"육류,고기요리",지인이 맛있다고 소개로 포장해서 집에서 먹었어요.  2인분에 6대 들어있구요 살이 많지는 않지만 양념은 맛있어요  포장해 주신 김칫국도 괜찮아요,서울특별시 동작구 신대방길 108 (신대방동),0건
성상등갈비,"육류,고기요리",,서울특별시 동작구 신대방길 108 (신대방동),0건
성상등갈비,"육류,고기요리",맛있고 친절해요.,서울특별시 동작구 신대방길 108 (신대방동),0건
성상등갈비,"육류,고기요리",좋아요,서울특별시 동작구 신대방길 108 (신대방동),0건
성상등갈비,"육류,고기요리","일단 맛있단 얘기듣고 간곳인데 메뉴에 안매,조매,겁매가 있어서 첨 간곳이니 맛을 잘 모르니깐 안매운거랑 조금매운거 하나씩 달라고 했더니 안
경끼고 통통한분이 안된다고 딱잘라 말씀하시고 말투에서부터 친절이라고는 전혀 느낄수 없었어요 그럼 죄송한데 매운소스 좀 따로 주실수 있냐
고 했더니 그것도 안된다고. 같은 메뉴로 시키되 소스만 조금 주는것이 그렇게 어렵나요? 대답이라도 좋게해주시던지 암튼 가자마자 기분...",서울특별시 동작구 신대방길 108 (신대방동),0건
성상등갈비,"육류,고기요리",,서울특별시 동작구 신대방길 108 (신대방동),0건
성상등갈비,"육류,고기요리",매운등갈비 맛있네요,서울특별시 동작구 신대방길 108 (신대방동),0건
성상등갈비,"육류,고기요리",맛있어요,서울특별시 동작구 신대방길 108 (신대방동),0건
성상등갈비,"육류,고기요리","맛있어요.
추천짱",서울특별시 동작구 신대방길 108 (신대방동),0건
성상등갈비,"육류,고기요리",조매도  매워요,서울특별시 동작구 신대방길 108 (신대방동),0건
성상등갈비,"육류,고기요리",굿,서울특별시 동작구 신대방길 108 (신대방동),0건
성상등갈비,"육류,고기요리",안매운맛 먹고 조금 매운맛으로 마무리이 너무 맛있어오,서울특별시 동작구 신대방길 108 (신대방동),0건
성상등갈비,"육류,고기요리",맛집입니다,서울특별시 동작구 신대방길 108 (신대방동),0건
성상등갈비,"육류,고기요리",좋아요,서울특별시 동작구 신대방길 108 (신대방동),0건
면장의 밥상,국수,"비빔밥에 야채가 많아서 좋았어요
혼밥 하기 좋아요
콘센트도 많구요","서울특별시 동작구 동작대로7길 83, 1층 (사당동)",3건
면장의 밥상,국수,맛있어요! 면도 맛있고 국물이 깔끔해서 좋음 근데 좀 더 뜨끈하게 끓여서 주셨으면 좋겠어요ㅠ 국물이 미지근햇음..ㅠ,"서울특별시 동작구 동작대로7길 83, 1층 (사당동)",3건
면장의 밥상,국수,냉국수 맛있어요,"서울특별시 동작구 동작대로7길 83, 1층 (사당동)",3건
면장의 밥상,국수,"딱 깔끔하고 맛있었습니다!
종종 올 것 같습니다 ~!","서울특별시 동작구 동작대로7길 83, 1층 (사당동)",3건
면장의 밥상,국수,처음가봤어요,"서울특별시 동작구 동작대로7길 83, 1층 (사당동)",3건
면장의 밥상,국수,가성비는 별로,"서울특별시 동작구 동작대로7길 83, 1층 (사당동)",3건
면장의 밥상,국수,굿,"서울특별시 동작구 동작대로7길 83, 1층 (사당동)",3건
면장의 밥상,국수,냉국수+불고기인데 육수가 새콤하면서 담백해용ㅎㅎ 고기랑 조합도 굿🖒,"서울특별시 동작구 동작대로7길 83, 1층 (사당동)",3건
면장의 밥상,국수,ㅇㅋ,"서울특별시 동작구 동작대로7길 83, 1층 (사당동)",3건
면장의 밥상,국수,"좋아요, 맛있어요","서울특별시 동작구 동작대로7길 83, 1층 (사당동)",3건
면장의 밥상,국수,맛있어요,"서울특별시 동작구 동작대로7길 83, 1층 (사당동)",3건
면장의 밥상,국수,김치만 쫌.....,"서울특별시 동작구 동작대로7길 83, 1층 (사당동)",3건
면장의 밥상,국수,좋아요,"서울특별시 동작구 동작대로7길 83, 1층 (사당동)",3건
면장의 밥상,국수,항상 맛있어서 맨날 맨날 가고 싶어요~!,"서울특별시 동작구 동작대로7길 83, 1층 (사당동)",3건
면장의 밥상,국수,좋아요,"서울특별시 동작구 동작대로7길 83, 1층 (사당동)",3건
면장의 밥상,국수,좋아요,"서울특별시 동작구 동작대로7길 83, 1층 (사당동)",3건
면장의 밥상,국수,굿,"서울특별시 동작구 동작대로7길 83, 1층 (사당동)",3건
면장의 밥상,국수,굿,"서울특별시 동작구 동작대로7길 83, 1층 (사당동)",3건
면장의 밥상,국수,쏘쏘,"서울특별시 동작구 동작대로7길 83, 1층 (사당동)",3건
면장의 밥상,국수,ㄱ ㄱ,"서울특별시 동작구 동작대로7길 83, 1층 (사당동)",3건
면장의 밥상,국수,깔끔하고 맛잇어여,"서울특별시 동작구 동작대로7길 83, 1층 (사당동)",3건
면장의 밥상,국수,Good,"서울특별시 동작구 동작대로7길 83, 1층 (사당동)",3건
면장의 밥상,국수,^^,"서울특별시 동작구 동작대로7길 83, 1층 (사당동)",3건
면장의 밥상,국수,좋아요!!,"서울특별시 동작구 동작대로7길 83, 1층 (사당동)",3건
면장의 밥상,국수,맛있어요,"서울특별시 동작구 동작대로7길 83, 1층 (사당동)",3건
면장의 밥상,국수,"잔치국수.만두.유부초밥 다 맛있게먹었어요.
가볍게 얘들과 가서 먹기 좋아요^^","서울특별시 동작구 동작대로7길 83, 1층 (사당동)",3건
면장의 밥상,국수,굿,"서울특별시 동작구 동작대로7길 83, 1층 (사당동)",3건
면장의 밥상,국수,짱맛남,"서울특별시 동작구 동작대로7길 83, 1층 (사당동)",3건
면장의 밥상,국수,,"서울특별시 동작구 동작대로7길 83, 1층 (사당동)",3건
면장의 밥상,국수,굿,"서울특별시 동작구 동작대로7길 83, 1층 (사당동)",3건
수산회관,"매운탕,해물탕","수산시장 바로옆이라 조개들 신선하고  찌질한 조개들 없이 맛있는 것들만 있어서 너무 좋았어요 사장님 친절하시고 칼국수만 좀 맛있게 해주시
면 완벽할 것 같은데 부탁드립니다 조개구이 오랫만에 먹은거였는데 너무 만족했어요","서울특별시 동작구 노들로 674, 지상2층 21호 (노량진동)",9건
수산회관,"매운탕,해물탕","도다리 회를 먹고 매운탕을 시켰는데  웬 잡어탕이 나왔어요..  매운탕 고기양이 너무 많아 국산 고기가 아닐까  의심스러워 한 입도 먹지 못했습
니다 🥹","서울특별시 동작구 노들로 674, 지상2층 21호 (노량진동)",9건
수산회관,"매운탕,해물탕",매운탕 맛있어요,"서울특별시 동작구 노들로 674, 지상2층 21호 (노량진동)",9건
수산회관,"매운탕,해물탕",최악의 식당입니다. 벨을 세번이나 눌러도 자기들 밥먹는다고 모른척하고 지리(매운탕) 가격 공지도 제대로 안하고 남은 회 포장해달라고 다시 했더니 인상 찌푸리며 성의 없이 싸주고.. 다른 식당들과 너무나 현저하게 비교됩니다.,"서울특별시 동작구 노들로 674, 지상2층 21호 (노량진동)",9건
수산회관,"매운탕,해물탕","최악입니다 음료수 컵, 앞접시 등 다 직접 가져다 먹었네요 게전문이 아니라 게 살 파먹는 도구도 없는데 손님은 왜 받는지 모르겠네요 매운탕도 
들어가자마자 시켰는데 게 다 먹을 때까지 구경도 못해서 취소했네요 비용은 비용대로 비싸고 여기서 먹어야 할 이유를 전혀 모르겠어요 저는 비
추천합니다","서울특별시 동작구 노들로 674, 지상2층 21호 (노량진동)",9건
수산회관,"매운탕,해물탕","너무 바가지임 딱히 주는것도없는데 너무비쌈

근데 매운탕은 맛있음","서울특별시 동작구 노들로 674, 지상2층 21호 (노량진동)",9건
수산회관,"매운탕,해물탕","회 포장해서 이용했는데
친절하시고 좋았어요!","서울특별시 동작구 노들로 674, 지상2층 21호 (노량진동)",9건
수산회관,"매운탕,해물탕",넓고 유리 미닫이로 공간 분리 되어 있는데 유리 미닫이다보니 소음 차단은 안 되네요,"서울특별시 동작구 노들로 674, 지상2층 21호 (노량진동)",9건
수산회관,"매운탕,해물탕",스끼다시가 없어서 너무 아쉽네요,"서울특별시 동작구 노들로 674, 지상2층 21호 (노량진동)",9건
수산회관,"매운탕,해물탕","엄청 넓고 한적하게 먹었어요. 
파티션 있는 방같은 곳 안내 받아서 좋았어요.","서울특별시 동작구 노들로 674, 지상2층 21호 (노량진동)",9건
수산회관,"매운탕,해물탕",,"서울특별시 동작구 노들로 674, 지상2층 21호 (노량진동)",9건
수산회관,"매운탕,해물탕","초장집 치고 깨끗하고 조용한 룸으로 안내해주셔서 좋았어요~~
킹크랩~~ 집에서 먹으면 손이 많이 가고 치울것도 많은데^^;; 돈은 들었지만 잘 다녀왔답니다~~~","서울특별시 동작구 노들로 674, 지상2층 21호 (노량진동)",9건
수산회관,"매운탕,해물탕",",","서울특별시 동작구 노들로 674, 지상2층 21호 (노량진동)",9건
수산회관,"매운탕,해물탕",ㆍ,"서울특별시 동작구 노들로 674, 지상2층 21호 (노량진동)",9건
수산회관,"매운탕,해물탕",ㆍ,"서울특별시 동작구 노들로 674, 지상2층 21호 (노량진동)",9건
수산회관,"매운탕,해물탕",매운탕 마싯어여,"서울특별시 동작구 노들로 674, 지상2층 21호 (노량진동)",9건
수산회관,"매운탕,해물탕",네,"서울특별시 동작구 노들로 674, 지상2층 21호 (노량진동)",9건
수산회관,"매운탕,해물탕",친구들과 노량진수산시장 2층 수산회관에서 점심으로 회 한사라 먹었는 데 직원들이.친절하고 서비스도 좋아 맛있게 잘 먹었습니다.,"서울특별시 동작구 노들로 674, 지상2층 21호 (노량진동)",9건
수산회관,"매운탕,해물탕",친구들과 맛있게 먹고 갑니다~,"서울특별시 동작구 노들로 674, 지상2층 21호 (노량진동)",9건
수산회관,"매운탕,해물탕",네,"서울특별시 동작구 노들로 674, 지상2층 21호 (노량진동)",9건
수산회관,"매운탕,해물탕",조아요,"서울특별시 동작구 노들로 674, 지상2층 21호 (노량진동)",9건
수산회관,"매운탕,해물탕",맛있게 잘 먹었습니다~!!!,"서울특별시 동작구 노들로 674, 지상2층 21호 (노량진동)",9건
수산회관,"매운탕,해물탕",조아요,"서울특별시 동작구 노들로 674, 지상2층 21호 (노량진동)",9건
수산회관,"매운탕,해물탕",시끌버적,"서울특별시 동작구 노들로 674, 지상2층 21호 (노량진동)",9건
수산회관,"매운탕,해물탕",ㅇ.ㅇ,"서울특별시 동작구 노들로 674, 지상2층 21호 (노량진동)",9건
수산회관,"매운탕,해물탕","두번째 방문이었는데 카운터 근처 테이블에서 직원들 술판벌려 손님들 신경도 안 씀. 계산할때 먹지도 않은거 만원 더 올려놔서 말씀드려서 빼고.
.들어가자마자, 회먹는 도중 매운탕 매운탕 몇번을 얘기하길래 그냥 달라고 했더니 그 뼈밖에 없는게 11,000원이나.. 매운탕 있는,없는 상차림비
가 달라서 그냥 나오는건줄 앎. 몰라서 여쭤보는데 조선족?여자분 술때문에 얼굴은 벌게가지고 자꾸 마스크 내리면서 핏대세우고 따지듯...","서울특별시 동작구 노들로 674, 지상2층 21호 (노량진동)",9건
수산회관,"매운탕,해물탕",좋아요,"서울특별시 동작구 노들로 674, 지상2층 21호 (노량진동)",9건
수산회관,"매운탕,해물탕",쏘쏘,"서울특별시 동작구 노들로 674, 지상2층 21호 (노량진동)",9건
수산회관,"매운탕,해물탕",굿,"서울특별시 동작구 노들로 674, 지상2층 21호 (노량진동)",9건
수산회관,"매운탕,해물탕",좋아요 ,"서울특별시 동작구 노들로 674, 지상2층 21호 (노량진동)",9건
잠꾸러기,"맥주,호프",사람이 많아서 그런지 느리고 음식은 맛있는지도 모르겠는데 양도 너무 적어서 돈아까웠어요,서울특별시 동작구 흑석로9길 6 (흑석동),8건
잠꾸러기,"맥주,호프","오뎅탕 국물이 캬..,,,, 아주머니도 너무 친절하세요~!!",서울특별시 동작구 흑석로9길 6 (흑석동),8건
잠꾸러기,"맥주,호프",굿,서울특별시 동작구 흑석로9길 6 (흑석동),8건
잠꾸러기,"맥주,호프",ㅇㅇ,서울특별시 동작구 흑석로9길 6 (흑석동),8건
잠꾸러기,"맥주,호프",레몬소주와 기본으로 나오는 김치전이 맛있습니다. 특별히 좋은 술집은 아니지만 정이 들어서 추억팔이하러 가는 곳 입니다.,서울특별시 동작구 흑석로9길 6 (흑석동),8건
잠꾸러기,"맥주,호프",친절해용,서울특별시 동작구 흑석로9길 6 (흑석동),8건
잠꾸러기,"맥주,호프",좋아하는 술집 분위기,서울특별시 동작구 흑석로9길 6 (흑석동),8건
큐피드,요리주점,,서울특별시 동작구 사당로 18-1 (상도동),41건
큐피드,요리주점,,서울특별시 동작구 사당로 18-1 (상도동),41건
큐피드,요리주점,,서울특별시 동작구 사당로 18-1 (상도동),41건
꿀꾸랄라,돼지고기구이,,서울특별시 동작구 만양로14길 4 (노량진동),0건
꿀꾸랄라,돼지고기구이,"고기가 이가격이라니

그래서 난 꿀꾸랄라~(제시톤으로)",서울특별시 동작구 만양로14길 4 (노량진동),0건
꿀꾸랄라,돼지고기구이,굿,서울특별시 동작구 만양로14길 4 (노량진동),0건
꿀꾸랄라,돼지고기구이,굿,서울특별시 동작구 만양로14길 4 (노량진동),0건
꿀꾸랄라,돼지고기구이,굿,서울특별시 동작구 만양로14길 4 (노량진동),0건
꿀꾸랄라,돼지고기구이,비추비추비추비추,서울특별시 동작구 만양로14길 4 (노량진동),0건
꿀꾸랄라,돼지고기구이,굿,서울특별시 동작구 만양로14길 4 (노량진동),0건
꿀꾸랄라,돼지고기구이,좋아요,서울특별시 동작구 만양로14길 4 (노량진동),0건
꿀꾸랄라,돼지고기구이,꿀꾸랄라 정말 맛있습니다,서울특별시 동작구 만양로14길 4 (노량진동),0건
꿀꾸랄라,돼지고기구이,맛땡,서울특별시 동작구 만양로14길 4 (노량진동),0건
꿀꾸랄라,돼지고기구이,"갈비살 삼겹살 냉면 먹었습니다.  네이버에 올라온 메뉴판 보가 가격이 더 비쌌는데 언제 가격을 인상했는지 모르겠네요.  갈비살은 싼게 비지떡
이라고 고기 품질도 너무 떨어지고 맛이 없었습니다. 삼겹살은 딱 그 가격 수준이고 냉면도 그렇습니다.  갈비살은 비추입니다.",서울특별시 동작구 만양로14길 4 (노량진동),0건
꿀꾸랄라,돼지고기구이,굿,서울특별시 동작구 만양로14길 4 (노량진동),0건
꿀꾸랄라,돼지고기구이,저렴하네요.,서울특별시 동작구 만양로14길 4 (노량진동),0건
꿀꾸랄라,돼지고기구이,노량진 고기집 중 굿이에요! 가격도 저렴한데 고기도 맛있고 밑반찬도 많이 주고 사장님도 친절해요. 푸짐하게 먹고 진짜 맛있어요. 강추!!,서울특별시 동작구 만양로14길 4 (노량진동),0건
꿀꾸랄라,돼지고기구이,사장님 너무 친절하시고 고기 배터지게 먹었는데 2만원도 안나왔어요.. 삼겹최고,서울특별시 동작구 만양로14길 4 (노량진동),0건
꿀꾸랄라,돼지고기구이,"노량진가에서 저렴하면서 맛있는 집이라면 이 집추천!! 고기는""칠레산""돼지고기여도, 고기판이나 고기상태는 최고임. 밑반찬도 되게 맛있고, 특히 상추를 푸짐하게 주신점에 진짜 좋은 가게라고 생각함.
(딴데는 상추때문에 눈치엄청나게 봄ㅠㅠ)",서울특별시 동작구 만양로14길 4 (노량진동),0건
꿀꾸랄라,돼지고기구이,"삼겹살 소금구이 가격대비 맛있다
냉면도 양이많음
볶음밥도 무난함",서울특별시 동작구 만양로14길 4 (노량진동),0건
꿀꾸랄라,돼지고기구이,소갈비가 1인분에 7천원인데 3인분부터 주문가능해요 가성비는좋은데 추천은안할듯요,서울특별시 동작구 만양로14길 4 (노량진동),0건
꿀꾸랄라,돼지고기구이,삼겹살이 맛이썽용,서울특별시 동작구 만양로14길 4 (노량진동),0건
꿀꾸랄라,돼지고기구이,기대 없이 갔는데 괜찮았어요.,서울특별시 동작구 만양로14길 4 (노량진동),0건
꿀꾸랄라,돼지고기구이,착한 가격에 부담없이 고기구워 먹기 좋아요~^^,서울특별시 동작구 만양로14길 4 (노량진동),0건
꿀꾸랄라,돼지고기구이,맛있어요,서울특별시 동작구 만양로14길 4 (노량진동),0건
꿀꾸랄라,돼지고기구이,good,서울특별시 동작구 만양로14길 4 (노량진동),0건
꿀꾸랄라,돼지고기구이,친절하시고 맛도 가격도 굿,서울특별시 동작구 만양로14길 4 (노량진동),0건
꿀꾸랄라,돼지고기구이,가성비 짱,서울특별시 동작구 만양로14길 4 (노량진동),0건
꿀꾸랄라,돼지고기구이,위생이 좋은 건 아니지만 가성비가 미쳤음 .. 👍🏻,서울특별시 동작구 만양로14길 4 (노량진동),0건
꿀꾸랄라,돼지고기구이,맛있어요 저렴하구요,서울특별시 동작구 만양로14길 4 (노량진동),0건
꿀꾸랄라,돼지고기구이,저렴하게 고기 먹을 땐 최고!,서울특별시 동작구 만양로14길 4 (노량진동),0건
꿀꾸랄라,돼지고기구이,삼겹살은 좀 질겼는데 소금구이 부드럽고 맛있었어요. 냉면도 잘 먹었습니다!~-~,서울특별시 동작구 만양로14길 4 (노량진동),0건
꿀꾸랄라,돼지고기구이,조아요,서울특별시 동작구 만양로14길 4 (노량진동),0건
향백,중식당,반반메뉴 감사요,서울특별시 동작구 국사봉1길 108 (상도동),0건
향백,중식당,마니 먹어요,서울특별시 동작구 국사봉1길 108 (상도동),0건
향백,중식당,좋아용 ,서울특별시 동작구 국사봉1길 108 (상도동),0건
향백,중식당,"배달 시간은 빠른편이었음! 근데 탕수육,소스,짬뽕 국물에는 온기가 느껴졌는데 짜장면은 온기가 느껴지지 않았고 들어보니 떡졌다는 느낌? 바로
면뽑아서 한 느낌은 아님! 온기가 없음 미지근?차갑진 않음 그리고 소스가 너무 짬 먹으면 먹을수록 짬! 탕수육은 여러번 튀긴느낌? 엄청 딱딱한 
부분도 있고 그냥 먹을만한정도임 단무지좀 많이 달라니까 그냥 무시 반개짜리 5개옴 역시 중식은 원래 먹던곳에서 시켜먹어야함!",서울특별시 동작구 국사봉1길 108 (상도동),0건
향백,중식당,좋아요 ,서울특별시 동작구 국사봉1길 108 (상도동),0건
향백,중식당,굿,서울특별시 동작구 국사봉1길 108 (상도동),0건
향백,중식당,맛있어요,서울특별시 동작구 국사봉1길 108 (상도동),0건
향백,중식당,좋아요,서울특별시 동작구 국사봉1길 108 (상도동),0건
향백,중식당,쏘쏘~,서울특별시 동작구 국사봉1길 108 (상도동),0건
향백,중식당,맛잇어요,서울특별시 동작구 국사봉1길 108 (상도동),0건
향백,중식당,맛이 밋밋해요,서울특별시 동작구 국사봉1길 108 (상도동),0건
향백,중식당,좋아요,서울특별시 동작구 국사봉1길 108 (상도동),0건
향백,중식당,맛있어요!,서울특별시 동작구 국사봉1길 108 (상도동),0건
향백,중식당,배달오시는기사님들께서 너무친절하십니다,서울특별시 동작구 국사봉1길 108 (상도동),0건
향백,중식당,좋아요,서울특별시 동작구 국사봉1길 108 (상도동),0건
향백,중식당,맛있었어요,서울특별시 동작구 국사봉1길 108 (상도동),0건
향백,중식당,맛있어요,서울특별시 동작구 국사봉1길 108 (상도동),0건
향백,중식당,맛있네요,서울특별시 동작구 국사봉1길 108 (상도동),0건
향백,중식당,바쁘면,서울특별시 동작구 국사봉1길 108 (상도동),0건
향백,중식당,음식이 너무 짜요,서울특별시 동작구 국사봉1길 108 (상도동),0건
향백,중식당,ㅁㅈ,서울특별시 동작구 국사봉1길 108 (상도동),0건
향백,중식당,좋아요,서울특별시 동작구 국사봉1길 108 (상도동),0건
향백,중식당,맛은 보통이고 양에 비해 비싸요,서울특별시 동작구 국사봉1길 108 (상도동),0건
향백,중식당,첫방문,서울특별시 동작구 국사봉1길 108 (상도동),0건
향백,중식당,맛있어요,서울특별시 동작구 국사봉1길 108 (상도동),0건
향백,중식당,친절해요,서울특별시 동작구 국사봉1길 108 (상도동),0건
향백,중식당,"맛있고 고객응대 써비스도 좋습니다.
그러나 다른가게보다 조금 비쌉니다",서울특별시 동작구 국사봉1길 108 (상도동),0건
향백,중식당,친절합니다,서울특별시 동작구 국사봉1길 108 (상도동),0건
향백,중식당,.,서울특별시 동작구 국사봉1길 108 (상도동),0건
향백,중식당,맛있어요^^,서울특별시 동작구 국사봉1길 108 (상도동),0건
처갓집양념치킨 장승배기점,"치킨,닭강정",치킨 맛있음,서울특별시 동작구 상도로30길 2 (상도동),0건
처갓집양념치킨 장승배기점,"치킨,닭강정",맛있어요,서울특별시 동작구 상도로30길 2 (상도동),0건
처갓집양념치킨 장승배기점,"치킨,닭강정","맛잏어요
가까워서",서울특별시 동작구 상도로30길 2 (상도동),0건
처갓집양념치킨 장승배기점,"치킨,닭강정",맛있고 친절하세요!,서울특별시 동작구 상도로30길 2 (상도동),0건
처갓집양념치킨 장승배기점,"치킨,닭강정",기프티콘 쓴다하니깐 떨떠름해 하고 치킨 얼마나 걸리냐니깐 튀겨봐야 안다하고 배달비도 카드 결제 한다니깐 현금으로 달라하고 기분 나빠하면서 끊는건 무슨 태도입니까? 전화받은 아주머니! 제발 사장님 아니길!!!!!!!!!!!!!!!!!!!!!!!!!!!!,서울특별시 동작구 상도로30길 2 (상도동),0건
처갓집양념치킨 장승배기점,"치킨,닭강정",굿,서울특별시 동작구 상도로30길 2 (상도동),0건
처갓집양념치킨 장승배기점,"치킨,닭강정","순살인데도 퍽퍽살 없이 딱 맛있았어요 
양념도 듬뿍 주시고, 하나도 안 식고 따끈따끈했습니다",서울특별시 동작구 상도로30길 2 (상도동),0건
처갓집양념치킨 장승배기점,"치킨,닭강정",신선해요,서울특별시 동작구 상도로30길 2 (상도동),0건
처갓집양념치킨 장승배기점,"치킨,닭강정",굿,서울특별시 동작구 상도로30길 2 (상도동),0건
처갓집양념치킨 장승배기점,"치킨,닭강정","집에오다가 처갓집 땡겨서 포장해서 왔네요.
이번주 밥반찬은 것정없네요 ㅎㅎ
역시 치킨은 처가집이에요.",서울특별시 동작구 상도로30길 2 (상도동),0건
처갓집양념치킨 장승배기점,"치킨,닭강정",굿,서울특별시 동작구 상도로30길 2 (상도동),0건
처갓집양념치킨 장승배기점,"치킨,닭강정",신선해요,서울특별시 동작구 상도로30길 2 (상도동),0건
처갓집양념치킨 장승배기점,"치킨,닭강정",맛있어요,서울특별시 동작구 상도로30길 2 (상도동),0건
처갓집양념치킨 장승배기점,"치킨,닭강정",굿,서울특별시 동작구 상도로30길 2 (상도동),0건
처갓집양념치킨 장승배기점,"치킨,닭강정",맛있어요,서울특별시 동작구 상도로30길 2 (상도동),0건
처갓집양념치킨 장승배기점,"치킨,닭강정",굿,서울특별시 동작구 상도로30길 2 (상도동),0건
처갓집양념치킨 장승배기점,"치킨,닭강정",좋습니다,서울특별시 동작구 상도로30길 2 (상도동),0건
처갓집양념치킨 장승배기점,"치킨,닭강정",굿,서울특별시 동작구 상도로30길 2 (상도동),0건
처갓집양념치킨 장승배기점,"치킨,닭강정",장승배기점만 인정,서울특별시 동작구 상도로30길 2 (상도동),0건
처갓집양념치킨 장승배기점,"치킨,닭강정",굿,서울특별시 동작구 상도로30길 2 (상도동),0건
처갓집양념치킨 장승배기점,"치킨,닭강정",굿,서울특별시 동작구 상도로30길 2 (상도동),0건
처갓집양념치킨 장승배기점,"치킨,닭강정",굿,서울특별시 동작구 상도로30길 2 (상도동),0건
처갓집양념치킨 장승배기점,"치킨,닭강정",양념 후라이드 다 맛있어요,서울특별시 동작구 상도로30길 2 (상도동),0건
처갓집양념치킨 장승배기점,"치킨,닭강정",치킨 끌릴때 시켜먹습니다!,서울특별시 동작구 상도로30길 2 (상도동),0건
처갓집양념치킨 장승배기점,"치킨,닭강정",좋아요,서울특별시 동작구 상도로30길 2 (상도동),0건
처갓집양념치킨 장승배기점,"치킨,닭강정",슈프림양념치킨짱  맛있어요  강추해요,서울특별시 동작구 상도로30길 2 (상도동),0건
성림식당,"맥주,호프",백반 맛있어요🍚,서울특별시 동작구 장승배기로 118-1 (노량진동),0건
성림식당,"맥주,호프",기본 반찬이 너무 맛있어요~😄,서울특별시 동작구 장승배기로 118-1 (노량진동),0건
성림식당,"맥주,호프",반찬에서 이상한 냄새나요..,서울특별시 동작구 장승배기로 118-1 (노량진동),0건
성림식당,"맥주,호프",굿ᆢ,서울특별시 동작구 장승배기로 118-1 (노량진동),0건
성림식당,"맥주,호프",굿ᆢ,서울특별시 동작구 장승배기로 118-1 (노량진동),0건
성림식당,"맥주,호프","4/18(토) #동작구 장승배기역 진로마트 맞은편 식당 겸 호프집! 고등어구이. 맛있게 먹었습니다.  여자 사장님. 매우 친절하시네요.  혼자 온 손님. 
심심하지 않게  장사철학, 음식철학, 자녀와의 일상 등!",서울특별시 동작구 장승배기로 118-1 (노량진동),0건
성림식당,"맥주,호프",무난한 백반집,서울특별시 동작구 장승배기로 118-1 (노량진동),0건
곱창나라,"곱창,막창,양","곱창모듬 구성이 너무 좋아요 곱창 대창 막창 염통 벌집양이 양파 감자 파 콩나물까지 같이 구워먹으니 별미에요 서비스로 처음에 나오는 순두부
라면도 맛이 좋아요 곱창모듬을 먹고 차돌박이를 구워먹었는데 야들야들 진짜 별미에요 이수역에서 맛있는 곱창을 찾는 분들은 추천해요!",서울특별시 동작구 동작대로27가길 41 (사당동),32건
곱창나라,"곱창,막창,양",야외홀이 있어서 냄새 걱정없이 잘 먹었어요 곱창이랑 대창이 아주 싱싱하니 맛있었어요,서울특별시 동작구 동작대로27가길 41 (사당동),32건
곱창나라,"곱창,막창,양",분위기 좋은 핫플로 이미 유명해서 그런지 평일 저녁인데도 손님이 많아여~ 직원분들도 다 친절하시고 신선한 곱창 쓰시는지 잡내도 안났어요 또 재방문할게요~,서울특별시 동작구 동작대로27가길 41 (사당동),32건
곱창나라,"곱창,막창,양",이수역 곱창 맛집이라고해서 왔는데 진짜 맛있게 잘먹었어요!! 저녁시간 되자마자 손님 엄청 많더라구요ㅎㅎ,서울특별시 동작구 동작대로27가길 41 (사당동),32건
곱창나라,"곱창,막창,양","큰 기대하지 않고 그냥 주변에 보여셔 들어왔는데 기대이상으로 너무 맛있었네요.
기본으로 순두부라면 주는것도 좋았고 무엇보다 소곱창,소막창 맛아 좋았어요.",서울특별시 동작구 동작대로27가길 41 (사당동),32건
곱창나라,"곱창,막창,양","포장마차 분위기도 좋고 무엇보다 맛있어요!!! 특히 막창이 엄청 부드럽고 맛있음 , 직원들도 친절하고 분위가 좋아서 술이 술술 기본안주로 나오는 순두부라면도 맛있게 잘 먹었어요 ! 또 방문하겠습니다 :)",서울특별시 동작구 동작대로27가길 41 (사당동),32건
곱창나라,"곱창,막창,양",이수역 곱창 핫플 방문했는데 내부에 사람 정말 많더라구요. 노포감성 테이블에 겨우 앉아먹었어요. 서빙해주시는 분들 전부 친절하셔서 식사도 너무 즐겁게 했고 음식도 맛있어요. 벌집양은 처음인데 신선했어요. 치즈볶음밥도 맛있었고 계속 쏘주땡기네욤 다음에 또 재방문할게여!!!!,서울특별시 동작구 동작대로27가길 41 (사당동),32건
곱창나라,"곱창,막창,양",여기 분위기 짱 좋아요!! 맛도 있고 술도 셀프라 편하고 뭣보다 치즈볶음밥 보는 맛 먹는 맛 둘다 있어요:),서울특별시 동작구 동작대로27가길 41 (사당동),32건
곱창나라,"곱창,막창,양",맛있어요! 고기도 잘 구워주시고 야외 자리라 시원하고 좋아요~,서울특별시 동작구 동작대로27가길 41 (사당동),32건
곱창나라,"곱창,막창,양","순대국인듯 순대국아닌 곱창전골
맛나요~~",서울특별시 동작구 동작대로27가길 41 (사당동),32건
곱창나라,"곱창,막창,양",곱창구이와 곱창전골이 너무 맛있어요 특히 곱창전골이 국물도 얼큰하고 포차 분위기에서 먹으니까 더 맛있게 느껴져요,서울특별시 동작구 동작대로27가길 41 (사당동),32건
곱창나라,"곱창,막창,양","맛있어요 ㅎㅎ
둘이가서 삼인분 배터지게 먹었어요 ㅎㅎ",서울특별시 동작구 동작대로27가길 41 (사당동),32건
곱창나라,"곱창,막창,양","곱창 내돈주고 사먹어본적 없는 사람인데  그정도로 곱창을 안조아하눈데  이집은 또 가고싶을정도로 신선햇고 맛잇엇고 소주 계속 들어감 ㅠ 조
만간 또갈듯,,",서울특별시 동작구 동작대로27가길 41 (사당동),32건
곱창나라,"곱창,막창,양",말해뭐해 존맛탱~! 벌써 다섯번째~ 다음에 또 갈 예정쓰😎👍❤️,서울특별시 동작구 동작대로27가길 41 (사당동),32건
곱창나라,"곱창,막창,양",진짜 모든게 최고에요 !! ❣️,서울특별시 동작구 동작대로27가길 41 (사당동),32건
곱창나라,"곱창,막창,양","곱 꽉찬 곱창 맛집이에요
야채들도 신선하고 볶음밥은 불쇼까지!!!!
정말 맛있고 배부르게 먹고 나왔어용^_^",서울특별시 동작구 동작대로27가길 41 (사당동),32건
곱창나라,"곱창,막창,양",앗.. 곱창은 오자마자 허겁지겁 먹느라 사진 못찍었구요 치즈볶음밥 존맛탱.......걍 다 맛있어요 다음엔 곱창전골 먹어야징 어우 이제 하도 많이 말해서 입 아프네요 사장님 번창하세요👍 곱창 포..ㅇ..ㅔ...ㅂ....ㅓ........,서울특별시 동작구 동작대로27가길 41 (사당동),32건
곱창나라,"곱창,막창,양",개업때부터 단골로 이용하고 있어요. 맛있고 직원분들 친절하셔서 기분 좋게 다녀옵니다.,서울특별시 동작구 동작대로27가길 41 (사당동),32건
곱창나라,"곱창,막창,양","푸짐해서 이인분만 먹어도 만족스럽게 식사 가능합니다
이수에서 곱창 젤로 마시씀!",서울특별시 동작구 동작대로27가길 41 (사당동),32건
곱창나라,"곱창,막창,양",항상 이수 오면 꼭 먹으러 들르는 곱창나라!! 너무 맛있고 넓고 사장님과 직원들도 친철하고 너무 편하게 맛있게 먹어서 항상 먹는 찐 맛집👍👍👍👍,서울특별시 동작구 동작대로27가길 41 (사당동),32건
곱창나라,"곱창,막창,양",맛있어요 적극추천,서울특별시 동작구 동작대로27가길 41 (사당동),32건
곱창나라,"곱창,막창,양",곱창나라 되게 맛있어요 ㅎㅎㅎㅎ,서울특별시 동작구 동작대로27가길 41 (사당동),32건
곱창나라,"곱창,막창,양","맛있었어요
그런데 한라토닉 시키면 얼음이 넉넉하게 나와야 하는데… 제빙기가 너무 소형이에요ㅠㅠ 얼음 사와야 할 판…",서울특별시 동작구 동작대로27가길 41 (사당동),32건
곱창나라,"곱창,막창,양",이수역 곱창집 중에서 최고!,서울특별시 동작구 동작대로27가길 41 (사당동),32건
곱창나라,"곱창,막창,양",너무 맛있어요 ㅎㅎ,서울특별시 동작구 동작대로27가길 41 (사당동),32건
곱창나라,"곱창,막창,양","꽉곱. 그리고 신선함과 벌집/대창/막창/염통/곱창으로 이루어진 모듬구이
치즈볶음밥도 토치로 해서 만들어주시니 특별함도 있던 소곱창집이였어요.
맛있어서 리뷰 꾹 ..",서울특별시 동작구 동작대로27가길 41 (사당동),32건
곱창나라,"곱창,막창,양",치즈볶음밥 굿굿,서울특별시 동작구 동작대로27가길 41 (사당동),32건
곱창나라,"곱창,막창,양","추천받아서 와서 먹었는데 진짜 맛있어요 
처음 맛보고 진짜 놀랐어요! 진짜 이수역오시면 한번 꼭와서 맛보세요!!!",서울특별시 동작구 동작대로27가길 41 (사당동),32건
곱창나라,"곱창,막창,양",한쪽에 큼직한 포장마차처럼 꾸며 놓은 곳이 재밌어요😁 그리고 고기 양이 넉넉하고 맛있네요!😋 순두부찌개도 맛있어요😍,서울특별시 동작구 동작대로27가길 41 (사당동),32건
곱창나라,"곱창,막창,양","모듬곱창 2인분 + 곱창 1인분 60,000원 그동안 갔던 곱창집들은 따닥따닥 붙어 앉느라 불편했는데, 여기는 공간도 널찍하니 앉기 좋고~ 매장이 
넓어서 좋았어요! 곱창 직원분들이 잘 구워주시고 먹는 순서 잘 알려주셔서 편하게 먹고 왔습니다!!! 특히 곱창 막창 대창.. 아 염통도 맛있었고.. 
생간도 맛있었고… 신선해서 그런지 맛있었네요~ 다음에 또 모임할 일 있으면 갈 것 같아요!!",서울특별시 동작구 동작대로27가길 41 (사당동),32건
앵커맨,"맥주,호프",,서울특별시 동작구 동작대로7길 33 (사당동),0건
앵커맨,"맥주,호프",,서울특별시 동작구 동작대로7길 33 (사당동),0건
앵커맨,"맥주,호프",,서울특별시 동작구 동작대로7길 33 (사당동),0건
연래춘,중식당,대학가맛집답게 가격도 정말 싸고 맛도 좋습니다. 삼선짬뽕을 시켰는데 보통 다른 가게 삼선은 1만원이 훌쩍넘는데 그에 비해 재료도 많이 들어가고 강추입니다. ㅎㅎ 대구살이 튼실하네요 ㅎㅎ 학생들 배고픈 배를 채워주는 고마운 가게네요~,서울특별시 동작구 상도로67길 32 (상도동),0건
연래춘,중식당,"세트메뉴 구성이 좋은 편입니다. 가성비 굿.
탕수육 단독으로 시켰고 14,000원입니다.
바삭한 느낌은 아니지만 부들부들하고 깔끔해요.",서울특별시 동작구 상도로67길 32 (상도동),0건
연래춘,중식당,너무너무 맛있어요!!!!,서울특별시 동작구 상도로67길 32 (상도동),0건
연래춘,중식당,잘먹고갑니다,서울특별시 동작구 상도로67길 32 (상도동),0건
연래춘,중식당,"2021년 올해의 들어서 가본 중식당 중에 가장 마음에 들었습니다 가장 중요한 건 사장님의 친절한 마인드와 깔끔한 음식 그리고 가성비 나무랄 데가 없었습니다 자주 들르고 싶습니다 사장님 번창하세요 항상 친절하게 손님들을 맞이해주시는 모습에 감동,,,,저기요입니다",서울특별시 동작구 상도로67길 32 (상도동),0건
연래춘,중식당,아마 이곳에서 30년?,서울특별시 동작구 상도로67길 32 (상도동),0건
연래춘,중식당,완전 맛있어요! 맛집 찾음ㅎㅎ,서울특별시 동작구 상도로67길 32 (상도동),0건
연래춘,중식당,가성비뿐아니라 맛있어요,서울특별시 동작구 상도로67길 32 (상도동),0건
연래춘,중식당,"멀리서 찾아간 보람있는 맛집
특히 음식이 뜨거워서 맛이 더 업",서울특별시 동작구 상도로67길 32 (상도동),0건
연래춘,중식당,굿,서울특별시 동작구 상도로67길 32 (상도동),0건
연래춘,중식당,좋아요,서울특별시 동작구 상도로67길 32 (상도동),0건
연래춘,중식당,가볍게 싸게 먹을수 있는곳,서울특별시 동작구 상도로67길 32 (상도동),0건
연래춘,중식당,ㅈㅇㅇ,서울특별시 동작구 상도로67길 32 (상도동),0건
연래춘,중식당,다소 아쉽습니다..,서울특별시 동작구 상도로67길 32 (상도동),0건
연래춘,중식당,굿,서울특별시 동작구 상도로67길 32 (상도동),0건
연래춘,중식당,굿,서울특별시 동작구 상도로67길 32 (상도동),0건
연래춘,중식당,좋아요,서울특별시 동작구 상도로67길 32 (상도동),0건
연래춘,중식당,맛나요,서울특별시 동작구 상도로67길 32 (상도동),0건
연래춘,중식당,괜찮아요,서울특별시 동작구 상도로67길 32 (상도동),0건
연래춘,중식당,싼 가격에 맛있어요,서울특별시 동작구 상도로67길 32 (상도동),0건
연래춘,중식당,그저그래요ㅋ,서울특별시 동작구 상도로67길 32 (상도동),0건
연래춘,중식당,"별 반개도 아까울 정도로 저질 짬뽕. 물론 한그릇 4500원에 공깃밥을 서비스로 제공해주는 가성비를 생각한다면 장점이겠지만 분명 나름 자부심
과 양심을 걸고 요리하신거라 믿어 의심치 않으나 짬뽕건더기의 홍합과 오징어의 식감을 맛본다면 탄력없이 몇일동안 푹 재워서 그냥 면발그릇
에 데워서 올린듯한 풍미에 깔끔하거나 개운한 맛을 느끼기가 어려웠다. 왠만하면 댓글리뷰를 5글자 안 남기지만 오죽했으면 이런 장문의 ...",서울특별시 동작구 상도로67길 32 (상도동),0건
연래춘,중식당,조아요,서울특별시 동작구 상도로67길 32 (상도동),0건
연래춘,중식당,좋아요,서울특별시 동작구 상도로67길 32 (상도동),0건
연래춘,중식당,굿,서울특별시 동작구 상도로67길 32 (상도동),0건
연래춘,중식당,굿,서울특별시 동작구 상도로67길 32 (상도동),0건
연래춘,중식당,맛있어요,서울특별시 동작구 상도로67길 32 (상도동),0건
연래춘,중식당,가격은 저렴하지만 맛이..,서울특별시 동작구 상도로67길 32 (상도동),0건
연래춘,중식당,별루예요,서울특별시 동작구 상도로67길 32 (상도동),0건
연래춘,중식당,맛있음 ㅎ,서울특별시 동작구 상도로67길 32 (상도동),0건
경월매운탕,한식,"메기2,빠가사리 2 먹었어요 맛있어요",서울특별시 동작구 신대방길 112-4 (신대방동),0건
경월매운탕,한식,먹을만해요,서울특별시 동작구 신대방길 112-4 (신대방동),0건
경월매운탕,한식,맛 괜찮은듯합니다,서울특별시 동작구 신대방길 112-4 (신대방동),0건
경월매운탕,한식,우리동네에 거의 40년 가까이 되어가는 맛집을 이제 가서 먹어봤네요. 푸짐하고 맛있어요,서울특별시 동작구 신대방길 112-4 (신대방동),0건
우림,"전문,기술서비스",굿,서울특별시 동작구 동작대로7길 28 (사당동),64건
우림,"전문,기술서비스",좋은 옷 싸게 사서 좋네요!!,서울특별시 동작구 동작대로7길 28 (사당동),64건
우림,"전문,기술서비스",좋아요,서울특별시 동작구 동작대로7길 28 (사당동),64건
우림,"전문,기술서비스",좋아요,서울특별시 동작구 동작대로7길 28 (사당동),64건
우림,"전문,기술서비스",예,서울특별시 동작구 동작대로7길 28 (사당동),64건
우림,"전문,기술서비스",친절해요,서울특별시 동작구 동작대로7길 28 (사당동),64건
우림,"전문,기술서비스",좋아요,서울특별시 동작구 동작대로7길 28 (사당동),64건
우림,"전문,기술서비스",굿,서울특별시 동작구 동작대로7길 28 (사당동),64건
우림,"전문,기술서비스",굿,서울특별시 동작구 동작대로7길 28 (사당동),64건
우림,"전문,기술서비스",ㅠ,서울특별시 동작구 동작대로7길 28 (사당동),64건
부자국밥,국밥,특별하진 않아도 평범하게 괜찮아요,서울특별시 동작구 신대방11길 34 (신대방동),8건
부자국밥,국밥,맛나요,서울특별시 동작구 신대방11길 34 (신대방동),8건
부자국밥,국밥,맛있어요 ,서울특별시 동작구 신대방11길 34 (신대방동),8건
부자국밥,국밥,맛있고좋아용,서울특별시 동작구 신대방11길 34 (신대방동),8건
부자국밥,국밥,"동네 가볍게 즐기기 좋은곳!
밥과 반찬은 달라해야 줍니다",서울특별시 동작구 신대방11길 34 (신대방동),8건
부자국밥,국밥,맛나용,서울특별시 동작구 신대방11길 34 (신대방동),8건
부자국밥,국밥,두부는 맛있어요,서울특별시 동작구 신대방11길 34 (신대방동),8건
부자국밥,국밥,좀 좁아요,서울특별시 동작구 신대방11길 34 (신대방동),8건
부자국밥,국밥,신대방동 동네 맛집.,서울특별시 동작구 신대방11길 34 (신대방동),8건
부자국밥,국밥,굿,서울특별시 동작구 신대방11길 34 (신대방동),8건
부자국밥,국밥,동네 밥술집으로 딱,서울특별시 동작구 신대방11길 34 (신대방동),8건
부자국밥,국밥,올때 마다 맛있게 먹고갑니다 사장님도 엄청친절하시고 홀보시는분도 한개라도 더챙겨주시고  잘먹고갑니다,서울특별시 동작구 신대방11길 34 (신대방동),8건
부자국밥,국밥,굿,서울특별시 동작구 신대방11길 34 (신대방동),8건
부자국밥,국밥,담백하고 맛있어요 반찬도 팔고 ㅎ 혼자살아서 반찬사러 와도 될듯ㅋ,서울특별시 동작구 신대방11길 34 (신대방동),8건
부자국밥,국밥,"일주일에 2번이나 오는집~!!ㅎㅎ
서비스도 주시고 ~^^",서울특별시 동작구 신대방11길 34 (신대방동),8건
부자국밥,국밥,마스크도 안하시고 장사하고 맛도 밍밍하네요ㅜ,서울특별시 동작구 신대방11길 34 (신대방동),8건
부자국밥,국밥,굿,서울특별시 동작구 신대방11길 34 (신대방동),8건
부자국밥,국밥,동네 밥집 맛집이에요.엄청 특별한 맛이거나 양이 후하거나 그런 건 아니지만 대체적으로 맛있어요.반찬도 살 수 있어요.,서울특별시 동작구 신대방11길 34 (신대방동),8건
부자국밥,국밥,굿,서울특별시 동작구 신대방11길 34 (신대방동),8건
부자국밥,국밥,굿,서울특별시 동작구 신대방11길 34 (신대방동),8건
부자국밥,국밥,가격도 싸고 맛도 좋고  너무잘먹고갑니다,서울특별시 동작구 신대방11길 34 (신대방동),8건
부자국밥,국밥,.,서울특별시 동작구 신대방11길 34 (신대방동),8건
부자국밥,국밥,ㅈ,서울특별시 동작구 신대방11길 34 (신대방동),8건
부자국밥,국밥,좋아요 ,서울특별시 동작구 신대방11길 34 (신대방동),8건
명동치킨호프,"치킨,닭강정",인생치킨 맛집,"서울특별시 동작구 서달로10길 7, 1층 (흑석동)",2건
명동치킨호프,"치킨,닭강정","우연히 가게된 조그마한 치킨집♡ 사장님 사모님 너무좋으시구 음식이 맛나용♡ 가끔 술먹다모지라면 뻔데기탕에 한잔하고 간답니다ㅋㅋ 잘먹
었습니다♡","서울특별시 동작구 서달로10길 7, 1층 (흑석동)",2건
명동치킨호프,"치킨,닭강정","미팅하고 술이 부족할때.. 
2차로 꼭 한번 들리게되는곳ㅋㄷ
잘 어머님, 아버님 맛있게 잘먹고 갑니당~>_<♡","서울특별시 동작구 서달로10길 7, 1층 (흑석동)",2건
명동치킨호프,"치킨,닭강정","골뱅이 무침, 정말 맛있어서 자주 이용하는 곳입니다.~^^","서울특별시 동작구 서달로10길 7, 1층 (흑석동)",2건
명동치킨호프,"치킨,닭강정",골뱅이무침 정말 맛있어서 자주 찾는 곳입니다.~^^,"서울특별시 동작구 서달로10길 7, 1층 (흑석동)",2건
명동치킨호프,"치킨,닭강정",후라이드치킨 바삭해요~~골뱅이무침은 여기가 젤 맛있는 거 같아요.,"서울특별시 동작구 서달로10길 7, 1층 (흑석동)",2건
명동치킨호프,"치킨,닭강정",후라이드 존맛,"서울특별시 동작구 서달로10길 7, 1층 (흑석동)",2건
명동치킨호프,"치킨,닭강정",좋아요,"서울특별시 동작구 서달로10길 7, 1층 (흑석동)",2건
명동치킨호프,"치킨,닭강정",조아요,"서울특별시 동작구 서달로10길 7, 1층 (흑석동)",2건
마포숯불갈비,"육류,고기요리",굿,서울특별시 동작구 보라매로 112 (대방동),0건
마포숯불갈비,"육류,고기요리",맛나요,서울특별시 동작구 보라매로 112 (대방동),0건
마포숯불갈비,"육류,고기요리",맛있어요 ,서울특별시 동작구 보라매로 112 (대방동),0건
마포숯불갈비,"육류,고기요리",차돌된장에서 고기비린내 너무 심함,서울특별시 동작구 보라매로 112 (대방동),0건
마포숯불갈비,"육류,고기요리",친절해요,서울특별시 동작구 보라매로 112 (대방동),0건
마포숯불갈비,"육류,고기요리",친절해요,서울특별시 동작구 보라매로 112 (대방동),0건
마포숯불갈비,"육류,고기요리",친절해요,서울특별시 동작구 보라매로 112 (대방동),0건
마포숯불갈비,"육류,고기요리",친절해요,서울특별시 동작구 보라매로 112 (대방동),0건
마포숯불갈비,"육류,고기요리",친절해요,서울특별시 동작구 보라매로 112 (대방동),0건
마포숯불갈비,"육류,고기요리",친절해요,서울특별시 동작구 보라매로 112 (대방동),0건
마포숯불갈비,"육류,고기요리",친절해요,서울특별시 동작구 보라매로 112 (대방동),0건
마포숯불갈비,"육류,고기요리",친절해요,서울특별시 동작구 보라매로 112 (대방동),0건
마포숯불갈비,"육류,고기요리",넘좋아요,서울특별시 동작구 보라매로 112 (대방동),0건
마포숯불갈비,"육류,고기요리",부추비빔밥 굿,서울특별시 동작구 보라매로 112 (대방동),0건
마포숯불갈비,"육류,고기요리","친절하고 싸고 맛있습니다. 이집 차돌박이,삼겹살, 고추장불고디, 부추비빔밥 강추요",서울특별시 동작구 보라매로 112 (대방동),0건
마포숯불갈비,"육류,고기요리",좋아요,서울특별시 동작구 보라매로 112 (대방동),0건
마포숯불갈비,"육류,고기요리",굿,서울특별시 동작구 보라매로 112 (대방동),0건
마포숯불갈비,"육류,고기요리",김치찌개 고기도 이상하고 이래저래 좀 찝찝해서 다시는 가기 어려울듯,서울특별시 동작구 보라매로 112 (대방동),0건
마포숯불갈비,"육류,고기요리",먹을까,서울특별시 동작구 보라매로 112 (대방동),0건
마포숯불갈비,"육류,고기요리",맛있어요,서울특별시 동작구 보라매로 112 (대방동),0건
마포숯불갈비,"육류,고기요리",좋아요,서울특별시 동작구 보라매로 112 (대방동),0건
마포숯불갈비,"육류,고기요리",굿,서울특별시 동작구 보라매로 112 (대방동),0건
마포숯불갈비,"육류,고기요리",굿굿,서울특별시 동작구 보라매로 112 (대방동),0건
마포숯불갈비,"육류,고기요리",맛있어요,서울특별시 동작구 보라매로 112 (대방동),0건
마포숯불갈비,"육류,고기요리",맛있어요,서울특별시 동작구 보라매로 112 (대방동),0건
마포숯불갈비,"육류,고기요리",조아요,서울특별시 동작구 보라매로 112 (대방동),0건
마포숯불갈비,"육류,고기요리",부추비빔밤이 너무 너무 맛있어용,서울특별시 동작구 보라매로 112 (대방동),0건
마포숯불갈비,"육류,고기요리","점심에 먹은 매콤한 낙지볶음 맛있어요~!
기본 된장국도 같이 나와서 밥 한공기 넘게 뚝딱 맛있게 먹었습니다~!",서울특별시 동작구 보라매로 112 (대방동),0건
마포숯불갈비,"육류,고기요리",무난한 식당,서울특별시 동작구 보라매로 112 (대방동),0건
마포숯불갈비,"육류,고기요리","가성비좋은 부추
된장찌개랑 같이 나오니
맛있어요",서울특별시 동작구 보라매로 112 (대방동),0건
요거프레소 중앙대점,카페,피스타치오 스무디 먹었는데 가격도 양에 비해 저렴하고 맛있어서 좋았어요!!,서울특별시 동작구 흑석로8길 1 (흑석동),0건
요거프레소 중앙대점,카페,,서울특별시 동작구 흑석로8길 1 (흑석동),0건
요거프레소 중앙대점,카페,너무 늦어요,서울특별시 동작구 흑석로8길 1 (흑석동),0건
요거프레소 중앙대점,카페,굿,서울특별시 동작구 흑석로8길 1 (흑석동),0건
요거프레소 중앙대점,카페,좋아요!,서울특별시 동작구 흑석로8길 1 (흑석동),0건
요거프레소 중앙대점,카페,엄청 친절하십니다,서울특별시 동작구 흑석로8길 1 (흑석동),0건
요거프레소 중앙대점,카페,친절하시네요~,서울특별시 동작구 흑석로8길 1 (흑석동),0건
요거프레소 중앙대점,카페,굳,서울특별시 동작구 흑석로8길 1 (흑석동),0건
요거프레소 중앙대점,카페,,서울특별시 동작구 흑석로8길 1 (흑석동),0건
요거프레소 중앙대점,카페,ㆍㅅ,서울특별시 동작구 흑석로8길 1 (흑석동),0건
성대낙지,낙지요리,혼밥하기 좋아요 밑반찬 맛있어요 근데 양이 조금 적은것 같아요 ㅠ,서울특별시 동작구 국사봉1길 4 (상도동),2건
성대낙지,낙지요리,굿,서울특별시 동작구 국사봉1길 4 (상도동),2건
성대낙지,낙지요리,가성비 좋고 맛 있어요,서울특별시 동작구 국사봉1길 4 (상도동),2건
성대낙지,낙지요리,짱이야,서울특별시 동작구 국사봉1길 4 (상도동),2건
성대낙지,낙지요리,맛나요,서울특별시 동작구 국사봉1길 4 (상도동),2건
성대낙지,낙지요리,양이 너무 적어요,서울특별시 동작구 국사봉1길 4 (상도동),2건
성대낙지,낙지요리,늘 이용합니다~,서울특별시 동작구 국사봉1길 4 (상도동),2건
성대낙지,낙지요리,좋아요,서울특별시 동작구 국사봉1길 4 (상도동),2건
성대낙지,낙지요리,굿,서울특별시 동작구 국사봉1길 4 (상도동),2건
성대낙지,낙지요리,😂,서울특별시 동작구 국사봉1길 4 (상도동),2건
성대낙지,낙지요리,"가성비가 좋아요
맛도있고 양도푸짐해요",서울특별시 동작구 국사봉1길 4 (상도동),2건
성대낙지,낙지요리,가성비좋은 맛집,서울특별시 동작구 국사봉1길 4 (상도동),2건
성대낙지,낙지요리,굿,서울특별시 동작구 국사봉1길 4 (상도동),2건
성대낙지,낙지요리,좋아요~,서울특별시 동작구 국사봉1길 4 (상도동),2건
성대낙지,낙지요리,진짜 너무너무 맛있습니다 찐맛집!!! 낙지볶음 & 콩나물국 최고요❤️ 자리가 없어서 포장했지만 ㅠㅠ 자주 갈게용!!!!,서울특별시 동작구 국사봉1길 4 (상도동),2건
성대낙지,낙지요리,굿,서울특별시 동작구 국사봉1길 4 (상도동),2건
성대낙지,낙지요리,,서울특별시 동작구 국사봉1길 4 (상도동),2건
성대낙지,낙지요리,굿,서울특별시 동작구 국사봉1길 4 (상도동),2건
성대낙지,낙지요리,굿,서울특별시 동작구 국사봉1길 4 (상도동),2건
성대낙지,낙지요리,굿,서울특별시 동작구 국사봉1길 4 (상도동),2건
성대낙지,낙지요리,굿,서울특별시 동작구 국사봉1길 4 (상도동),2건
성대낙지,낙지요리,맛있어요,서울특별시 동작구 국사봉1길 4 (상도동),2건
성대낙지,낙지요리,집밥같은 음식점입니다 낙지요리가 맛있어요,서울특별시 동작구 국사봉1길 4 (상도동),2건
성대낙지,낙지요리,굿,서울특별시 동작구 국사봉1길 4 (상도동),2건
성대낙지,낙지요리,가격도 저렴하구 가게도 작지만 깨끗합니다,서울특별시 동작구 국사봉1길 4 (상도동),2건
성대낙지,낙지요리,좋아여,서울특별시 동작구 국사봉1길 4 (상도동),2건
성대낙지,낙지요리,"연포탕 맛있게 먹었습니다~
밑반찬도 잘 나와 만족도가 더 높았구요",서울특별시 동작구 국사봉1길 4 (상도동),2건
성대낙지,낙지요리,좋아요,서울특별시 동작구 국사봉1길 4 (상도동),2건
성대낙지,낙지요리,굿,서울특별시 동작구 국사봉1길 4 (상도동),2건
성대낙지,낙지요리,맛있어요!!!,서울특별시 동작구 국사봉1길 4 (상도동),2건
곽반장,중식당,짬뽕 잘하는 집. 간판의 부심이 시그니쳐 메뉴 곽반장짬뽕에 그대로 녹아들어있다. 짬뽕 먹던 중 수세미조각이 나와 한그릇 리필 받았지만. 맘 상하지 않고 짬뽕 땡긴다면 고민없이 이 집으로 갈것. 레몬이 들어간 탕슉도 준수한 맛.,서울특별시 동작구 동작대로27가길 45 (사당동),0건
곽반장,중식당,짬뽕 맛집이래서 왔는데 솔직히 맛있는지 잘 모르겠네요. 짬뽕이 너무 밍밍해서 물탄맛 나요. 사람은 많네요.,서울특별시 동작구 동작대로27가길 45 (사당동),0건
곽반장,중식당,해물도 싱싱하고 맛있어요~! 탕수육도 느끼함 없이 담백하고 바삭하니 너 좋아요👍👍,서울특별시 동작구 동작대로27가길 45 (사당동),0건
곽반장,중식당,생각보다 짬뽕이 별루임 넘 기대했나,서울특별시 동작구 동작대로27가길 45 (사당동),0건
곽반장,중식당,짬뽕이 맛있는집. 해물 가득 국물이 시원하네요.,서울특별시 동작구 동작대로27가길 45 (사당동),0건
곽반장,중식당,짬뽕 탕수육 맛있어요 ,서울특별시 동작구 동작대로27가길 45 (사당동),0건
곽반장,중식당,자주 먹는곳인데 이번엔 주방장님 안계셨는지 면은 밀가루 맛이 났고  간짜장 소스는 싱겁고 양도 작았어요. 그래도  탕수육은 맛있었습니다,서울특별시 동작구 동작대로27가길 45 (사당동),0건
곽반장,중식당,짬뽕 맛집입니다👍👍👍,서울특별시 동작구 동작대로27가길 45 (사당동),0건
곽반장,중식당,,서울특별시 동작구 동작대로27가길 45 (사당동),0건
곽반장,중식당,Good,서울특별시 동작구 동작대로27가길 45 (사당동),0건
곽반장,중식당,"가격이 많이 올랐네요ㅠ.ㅠ그래두 맛은 있어요~
젓가락이 많이 헤져서...교체가 필요할 것 같아요~~~",서울특별시 동작구 동작대로27가길 45 (사당동),0건
곽반장,중식당,저도 부모님도 맛있게 먹었어요!!,서울특별시 동작구 동작대로27가길 45 (사당동),0건
곽반장,중식당,굿,서울특별시 동작구 동작대로27가길 45 (사당동),0건
곽반장,중식당,👍,서울특별시 동작구 동작대로27가길 45 (사당동),0건
곽반장,중식당,전 짜장보다 짬뽕파라~~~  흐흐 혼면하러 갔다왔죠,서울특별시 동작구 동작대로27가길 45 (사당동),0건
곽반장,중식당,굿,서울특별시 동작구 동작대로27가길 45 (사당동),0건
곽반장,중식당,짜장면이 맛있어요.,서울특별시 동작구 동작대로27가길 45 (사당동),0건
곽반장,중식당,ㅇㅋ,서울특별시 동작구 동작대로27가길 45 (사당동),0건
곽반장,중식당,굿,서울특별시 동작구 동작대로27가길 45 (사당동),0건
곽반장,중식당,굿,서울특별시 동작구 동작대로27가길 45 (사당동),0건
곽반장,중식당,ㅇㅋ,서울특별시 동작구 동작대로27가길 45 (사당동),0건
곽반장,중식당,Good,서울특별시 동작구 동작대로27가길 45 (사당동),0건
곽반장,중식당,ㅇㅋ,서울특별시 동작구 동작대로27가길 45 (사당동),0건
곽반장,중식당,짬뽕 뿐 아니라 탕수육 도 맛있어요,서울특별시 동작구 동작대로27가길 45 (사당동),0건
곽반장,중식당,ㅇㅋ,서울특별시 동작구 동작대로27가길 45 (사당동),0건
곽반장,중식당,굿,서울특별시 동작구 동작대로27가길 45 (사당동),0건
곽반장,중식당,좋아요,서울특별시 동작구 동작대로27가길 45 (사당동),0건
곽반장,중식당,굿,서울특별시 동작구 동작대로27가길 45 (사당동),0건
곽반장,중식당,좋아요,서울특별시 동작구 동작대로27가길 45 (사당동),0건
곽반장,중식당,ㅇㅋ,서울특별시 동작구 동작대로27가길 45 (사당동),0건
백제갈비,"육류,고기요리","갈비탕 맛은 있어요 
근데 가끔 기름이 엄청 많은걸 주니 
기름 없는거 달라 하세요",서울특별시 동작구 사당로 231 (사당동),3건
백제갈비,"육류,고기요리",고기가 신선하고 맛있어요 ,서울특별시 동작구 사당로 231 (사당동),3건
백제갈비,"육류,고기요리","여기 메뉴들은 다 맛있어요!
고기도 맛있고 냉면이나 갈비탕도 다 맛있었어요!",서울특별시 동작구 사당로 231 (사당동),3건
백제갈비,"육류,고기요리","동네 오래 된 곳. 내부 인테리어 고급 진 편. 돼지양념구이(갈비) 먹음 뼈 없고, 큼지막함!!(무게를 못 봤네요) 고기 구워 주십니다. 태우지 않도록 
자주 뒤집어 달라 하시구여. 기본3찬은 리필 기능하구요 셀프바에서 채소및 김치 마음껏 드실수 있어요. 기전 된장찌개 리필은 못했으나 이것고 
가능하다 들었어요.",서울특별시 동작구 사당로 231 (사당동),3건
백제갈비,"육류,고기요리","갈비탕 고기가 부드러워요
대신 고기양이 더 많았으면..",서울특별시 동작구 사당로 231 (사당동),3건
백제갈비,"육류,고기요리",가족들이 너무 정갈하고 맛나다고 하셨습니다 ,서울특별시 동작구 사당로 231 (사당동),3건
백제갈비,"육류,고기요리",고기도 맛있었고 담당해주셨던 여자 서버분이 친절하게 하나하나 다 챙겨주셔서 정말 감사했어요 👍,서울특별시 동작구 사당로 231 (사당동),3건
백제갈비,"육류,고기요리","가격이 좀 잇지만 
직젚 구워주니까 더  잘구워져서  맛잇고
친절합니다 ~",서울특별시 동작구 사당로 231 (사당동),3건
백제갈비,"육류,고기요리",가격에 비해 음식양이 좀 적어요,서울특별시 동작구 사당로 231 (사당동),3건
백제갈비,"육류,고기요리",고기는 맛있는데 삼계탕은 가격대비 가성비별로..,서울특별시 동작구 사당로 231 (사당동),3건
백제갈비,"육류,고기요리",혼밥했어요,서울특별시 동작구 사당로 231 (사당동),3건
백제갈비,"육류,고기요리",굿,서울특별시 동작구 사당로 231 (사당동),3건
백제갈비,"육류,고기요리","세트3에 삼겹살도 구워 주시고, 맛은 기본 이고요
79년 부터 하셔서 인지 맛있어요. 비냉 짱",서울특별시 동작구 사당로 231 (사당동),3건
백제갈비,"육류,고기요리",굿,서울특별시 동작구 사당로 231 (사당동),3건
백제갈비,"육류,고기요리",갈비탕이 아주 맛있어요,서울특별시 동작구 사당로 231 (사당동),3건
백제갈비,"육류,고기요리",엄마아빠 좋이하시는 최애식당,서울특별시 동작구 사당로 231 (사당동),3건
백제갈비,"육류,고기요리",좋아요,서울특별시 동작구 사당로 231 (사당동),3건
백제갈비,"육류,고기요리",굿,서울특별시 동작구 사당로 231 (사당동),3건
백제갈비,"육류,고기요리",갈비탕 맛있어요,서울특별시 동작구 사당로 231 (사당동),3건
백제갈비,"육류,고기요리",굿,서울특별시 동작구 사당로 231 (사당동),3건
백제갈비,"육류,고기요리",ㆍ,서울특별시 동작구 사당로 231 (사당동),3건
백제갈비,"육류,고기요리",ㅇ,서울특별시 동작구 사당로 231 (사당동),3건
백제갈비,"육류,고기요리","세트
소, 돼지 맛집",서울특별시 동작구 사당로 231 (사당동),3건
백제갈비,"육류,고기요리",좋네여,서울특별시 동작구 사당로 231 (사당동),3건
백제갈비,"육류,고기요리",양념장을 너무 많이 넣어서 쫌 짜더라구요 ㅜㅜ,서울특별시 동작구 사당로 231 (사당동),3건
백제갈비,"육류,고기요리",굿,서울특별시 동작구 사당로 231 (사당동),3건
백제갈비,"육류,고기요리",비싸긴한데 맛은있어요,서울특별시 동작구 사당로 231 (사당동),3건
백제갈비,"육류,고기요리",가족4명이서 가서 배뷰르게 먹었습니다. 된찌(차돌박이 들어있) + 생갈비+ 소갈비+ 양념 돼지갈비+ 공기밥+ 계란찜 +야채 셀프코너 = 93000원 나왔어요. 솔직히 한 십얼마 나올줄 알았는데 가성비에 맛있네요.,서울특별시 동작구 사당로 231 (사당동),3건
백제갈비,"육류,고기요리",돼지갈비랑 갈비탕 맛있어요,서울특별시 동작구 사당로 231 (사당동),3건
백제갈비,"육류,고기요리",굿,서울특별시 동작구 사당로 231 (사당동),3건
더 큐어링,양식,"오랜만에 들린 더큐어링♡ 여전히 친절한 설명과 추천에 제대로 입호강했습니다! 새로 개시한 유자하이볼도 맛봤는데 특유의 위스키향이 덜 나
고 상콤한 유자향 덕분에 저에겐 딱 좋았어요 ㅎ 하이볼 좋아하시는 분들 마셔보시면 좋을거 같아요^^ 더큐어링은 다양한 요리와 직접 만드시는 
소시지 & 샤퀴테리 전문으로 하고 있어 모임도 좋고 저처럼 혼술하기 꺼려지시는 분들도 부담스럽지 않게 즐기실 수 있을거 같아 추천드려...",서울특별시 동작구 서달로14길 12 (흑석동),1건
더 큐어링,양식,음식이 하나 하나 정성이 들어간게 느껴졌고 아스파라거스 수란은 정말 물건이였습니다. 와인 추천도 참 잘해주셔서 페어링하기 좋았고 친절함에 감동도 받고 갑니다 또 재방문 할거에요~ 더큐어링 모르는 사람 없게 해주세요!😋😋 짱짱,서울특별시 동작구 서달로14길 12 (흑석동),1건
더 큐어링,양식,신메뉴로 추천해주신 푸타네스카라는 파스타가 매우 인상적이었어요. 드라이한 오일파스타였는데 짜지도않고 간이 매우좋았어요. 감사히 잘먹었습니다.,서울특별시 동작구 서달로14길 12 (흑석동),1건
더 큐어링,양식,"두번째 방문이에요. 아스파라거스와 수란. 수란의 온도감이 너무 좋았구요. 스테이크는 미디움레어로 요청드렸는데. 완벽한 스테이크였습니다~
츄릅~~~ 샤퀴테리 전문 레스토랑이다보니 역시 샤퀴테리 메뉴가 완존 대박!! 너무 짜지 않게 깊은 풍미를 느낄수 있는곳!! 다음에 세번째 방문때
는 알아봐주겠죠? ㅋ",서울특별시 동작구 서달로14길 12 (흑석동),1건
더 큐어링,양식,"여자친구랑 같이 방문했는데 셰프님이 유머러스 하셔서 한참 웃다가 식사했습니다 여자친구가 편식이 심한편이라 걱정했었는데 다행이 맛있다
고 접시를 싹싹 비우더군요 서버분들도 친절하시고 음식도 상당히 만족 스러웠습니다",서울특별시 동작구 서달로14길 12 (흑석동),1건
더 큐어링,양식,오리콩피 먹었는데 아래쪽 수프랑 함께먹으니 더맛있었어요. 올때마다 항상 맛있는 음식이 있어 좋았습니다. ,서울특별시 동작구 서달로14길 12 (흑석동),1건
더 큐어링,양식,"메뉴하나하나뭔가 특별한게 있어요 ㅎ 
말로 다 표현 하기가 어렵지만 맛있고 특별해요^^
술과 함께 즐길 음식들이많아 또 가고싶어요~!!",서울특별시 동작구 서달로14길 12 (흑석동),1건
더 큐어링,양식,"일단 응대해주시는 분이 친절하지 않으십니다. 와인리스트도 정보를 추가하거나 변경이 필요해보임. 두꺼운 유리 물잔에 든 물을 열심히 먹었는
데 나중에 잔이 심하게 금이 가있는것을 보고 말씀드렸습니다. 미안하다는 인사치레 하나없이 그냥 그 물잔을 스윽 가져가시고 아무말 없이 다른 
잔을 주심. 음식점에서 물먹다가 골로 갈뻔했으니 다른분들도 조심하세요~~~",서울특별시 동작구 서달로14길 12 (흑석동),1건
더 큐어링,양식,라자냐에 백김치가 들어가서 그런지 느끼하지않아 깔끔했어요. 추천해주신 와인이 좋았어요,서울특별시 동작구 서달로14길 12 (흑석동),1건
더 큐어링,양식,"역시나 항상 만족을 주시는 진필셰프님! 
덕분에 맛있는 음식 너무 잘먹고 힐링 받았네요^^
음식도 너무 맛있고 와인과의 페어링도 너무 좋았습니다!^^",서울특별시 동작구 서달로14길 12 (흑석동),1건
더 큐어링,양식,"음식도 정갈하고 서비스도 좋아서 너무 좋았습니다! 
음식하고 와인하고 궁합이 너무 좋았습니다
서빙되자마자 마구 먹어서 음식 사진이 없어 아쉽ㅠㅠ",서울특별시 동작구 서달로14길 12 (흑석동),1건
더 큐어링,양식,"언제 먹어도 맛있네요.  백김치 라자니아. 뇨끼 새로운 메뉴 너무 좋아요.  이것까지 맛있네요.  다음 신메뉴도 기대됩니다.  샤퀴테리 보드는 더욱 
풍성해지고 향이 깊어졌네요.  와인을 부르네요.  50~60대 분들과 부부 단체 모임있는데 모두 맛있어 하시네요.  잘 먹고 갑니다.",서울특별시 동작구 서달로14길 12 (흑석동),1건
더 큐어링,양식,"처음 오픈때 와보고 두번째 방문이었는데 저번에 왔을때보다 메뉴가 더 다양해졌더라구요- 백김치로 라자냐를 만든 요리가 있었는데 독특하면서
정말 맛있게 먹었습니다^^ 셰프님과 직원분들이 여전히 친절하게 설명 해주셔서 처음 접하는 음식도 무난하게 즐길 수 있어서 좋았어요ㅎ 식사
로도 괜찮지만 간단히 와인이나 맥주를 즐기기에도 아주 좋은 곳인거 같아 추천해요!! 다음에 또 와서 다른 요리도 즐겨보려구요^^ 감사합...",서울특별시 동작구 서달로14길 12 (흑석동),1건
더 큐어링,양식,"진짜 미쳤어요!!!  말이 되나요???  무조건 육향 가득한 소세지 무조건!!  다양하게 먹어보려면 셋트  그렇지만 취향에따라 저는 칼바사!' 진짜 톡톡
터지는 식감이 ㅠㅠ 감덩입니다ㅠ.  진짜 잠봉 오리가슴프로슈토(이건 진짜 강추!!!!)  차를 가져와서 술을 못먹은게 정말 ㅠㅠ 진짜 맛나요ㅠㅠ 
진짜 다른메뉴들도 도장깨기 하고 싶은 맛집입니다'ㅜ  베이컨은 달달한 진짜 ㅠㅠ 와인과 함께 즐기세요!!  ㅠㅠ 이 기분 취해서 오늘은 집...",서울특별시 동작구 서달로14길 12 (흑석동),1건
더 큐어링,양식,"오픈한지 얼마 안됐지만 흑석동의 핫플이 될 것이 분명한, 너무나 맛있는 레스토랑을 찾아서 뿌듯했네요. 학교를 오래 다니면서 추억에 젖어보자
며 별다른 기대없이 식당을 골랐는데, 결혼기념일이라고 특별히 더 챙겨주셔서 너무나 감사한 마음입니다. 음식은 제가 더 설명할 게 없을 것 같
아요. 고급스럽고 풍미가 살아있는 메뉴들 덕에 신랑도 정말 좋아했습니다. 서프라이즈를 위해서 공조해주신것도 ㅋㅋ 정말 감사했어요. ...",서울특별시 동작구 서달로14길 12 (흑석동),1건
더 큐어링,양식,"일단 어떤 음식이던 정말 맛있어요 !! 생긴지 얼마 안된 지금 빠르게 안가보면 조만간 예약하기 힘들어질거 같아요 분위기면 분위기 맛이면 맛 청
결이면 청결 부족한 부분없이 너무 좋았어요 특히 칼바사 소세지 , 수제베이컨 먹어보면 먹던 소세지랑 베이컨이랑 전혀 다른음식으로 느껴졌어
요  완전강추👍",서울특별시 동작구 서달로14길 12 (흑석동),1건
더 큐어링,양식,"먹을줄 아는 사람들은 꼭 한번 가야할 곳, 잘 몰라도 친절하게 다 설명해주시니까 걱정하지 않으셔도 됩니다..!
분위기도 좋고 대접받는 느낌으로 정성들여서 요리해주셔서 특별한 날 , 소중한 사람과 더더욱 찾게 될 맛집인거 같아요. 물론 매일 먹고싶을 만큼 맛있어요..진짜..찐...♥",서울특별시 동작구 서달로14길 12 (흑석동),1건
더 큐어링,양식,"화장실이 남녀 구분되어있고, 샤퀴테리는 처음인데 짜지않고 먹기좋았어요",서울특별시 동작구 서달로14길 12 (흑석동),1건
더 큐어링,양식,뭐하나 빠질게 없어요ㅜㅜ 모든 음식이 다 맛있지만  그 중에도 수제베이컨이 미친맛입니다. 꼭 가세요!,서울특별시 동작구 서달로14길 12 (흑석동),1건
더 큐어링,양식,"특별한 음식을 먹고 싶어서 방문했어요 :) 먹으면서 계속 든 생각은 “아 여기에 가족이나 지인들 데려오고 싶다!” 였어요~ 음식이 하나 같이 다 특
별하고 맛있어서  먹는 내내 기분이 넘 좋아지더라구요 ^^ 메인도 너무 훌륭했지만 처음 서비스로 나오는 수제 잠봉도 짜지 않고 넘 맛있었고 중
간에 메인 나오기 전 입가심으로 나오는 유자 셔벗?이 리프레쉬가 되어서 이런 코스 요리 같은 느낌을 주는 요소들이 굉장히 좋았네요 ^^ ...",서울특별시 동작구 서달로14길 12 (흑석동),1건
더 큐어링,양식,"흑석동에 이런 맛집이 생겼다니♡ 매장 인테리어가 너무 고급스럽고 분위기가 넘 좋아서 놀랐어요!! 분위기에 감동하고 있다보면 엄청엄청 맛있
고 플레이팅까지 멋있는 음식이 나와서 또 한번 감동😍 셰프님께서 직접 친절하게 설명해주셨어요ㅎㅎ 와인하고 잘어울리는 메뉴들이고 먹는동
안 입도 눈도 행복한 시간이었어요 흑석동 자주 갈 이유가 생겼어요 단골 등록입니다ㅎㅎ",서울특별시 동작구 서달로14길 12 (흑석동),1건
더 큐어링,양식,진짜 나만알고싶은곳.. 음식은 물론이고 분위기도 셰프님들도 너무 친절하고 좋습니다!! 흑석에 이렇게 좋은곳이 생겨서 정말 행복해요❤️❤️ 여기 음식 찐이니까 맛 안보는사람 없게해주세요ㅠㅠ❤️❤️,서울특별시 동작구 서달로14길 12 (흑석동),1건
더 큐어링,양식,"와~ 흑석동에 이런곳이 있나요 분위기도 너무좋고 맛도있어요~  연어도 흔하게 먹던 연어가 아니고   쫄깃하면서 향기가나구요 오리 요리도 부드
럽고 너무 맛이있었어요 수제치즈도 맛있고 수제 소세지도 너무 맛있네요 삼란누들 이건진짜 강추입니다 면이 불지도 않고 수란 명란 어란 이 세
가지가 합쳐지니까  감칠맛이 최고네요 쉐프님께서 직접 나오셔서 요리 소개도해주셨어요 오픈한지 2주정도 되었다고 하는데 단골될것같...",서울특별시 동작구 서달로14길 12 (흑석동),1건
더 큐어링,양식,내추럴와인 추천해주신거 넘 맛있게 잘 즐기고 왔어요! 수란 아스파라거스 메뉴 진짜 존맛탱 맛있었어요. 메뉴엔 없지만 오늘 가능했던 바질페스토 파스타도 넘 맛있었답니다. 동네 근처에 이런곳이 생겨서 넘 좋네여 🥰 하나하나 설명해주시고 넘 친절하셨어요 담에또올께요~_~,서울특별시 동작구 서달로14길 12 (흑석동),1건
더 큐어링,양식,"분위기도 너무 좋고 음식도 너무 맛있어요~ 특히 이베리코 스테이크는 정말 강추입니다~ 입에서 사르르 녹아요~ 다른 메뉴들도 다 너무 좋았습
니다. 추천해주신 와인도 좋았구요~ 식사하러 와도 좋고 2차로 간단하게 와인 마시러 와도 좋을 것 같아요~ 자주 올 것 같은 느낌입니다ㅎㅎ",서울특별시 동작구 서달로14길 12 (흑석동),1건
더 큐어링,양식,"직원분들 모두 엄청 친절하시고 매장도 청결하고 분위기도 좋고 음식맛도 맛있었어요~ 몬가 특별한 메뉴도 좋았어요 꼭 특별한 날이 아니여도 친구, 연인, 가족 같이 와도 좋겠다 생각했어요^^* 맛있게 잘 먹었습니다 다음에 또 방문 할 게요ㅋㅋㅋ",서울특별시 동작구 서달로14길 12 (흑석동),1건
더 큐어링,양식,"별점이 5점이길래 처음 생긴 곳이라 다들 점수 잘 주셨나보다??라고 생각했지만 진짜 모든 것이 완벽해서 5점인거였어요ㅠㅠ 맛 분위기 플레이
팅 청결도 친절 전부 감동받았습니다🥰🥰 남자친구 합격 축하하러 간 자리였는데 음식이 축하를 더 특별하게 만들어준 것 같아 감사했습니다. 
특히 저 아스파라거스는 무조건 먹어야하는 메뉴에요!!!ㅎㅎ 술을 안시켰더니 매니저님께서 술과 같이해야 더 빛을 발하는 메뉴들이라며 ...",서울특별시 동작구 서달로14길 12 (흑석동),1건
더 큐어링,양식,"일단 분위기가 너무 좋았고요~ 음식은 와인과 함께 먹으니 더더더욱 맛있었어요 분위기에 취하고 안주에 또 한번 취하고~ 고급 요리들 플레이팅
도 너무 이쁘고~ 평소에 접하지 못하는 흔힌 요리가 아니여서 더욱 맛있게 먹을수있었습니다^^ 사진을 워낙 못찍어서~ 사진은 별로 일수있지만 
정말 맛있어서 단골 될꺼같아요 지인분들 한분한분 함께가서 맛보여드리고싶을정도에요~~~사진엔 없지만 샐러드도 넘 맛있었고 수제햄...",서울특별시 동작구 서달로14길 12 (흑석동),1건
더 큐어링,양식,"두번째 방문인데  가오픈때 봤던거보다 한달만에 더욱 발전했네요.  소시지도 직접 만드시고  테린도 종류가 늘고 더욱 맛있게~~ 먹느라 사진도 
못찍었네요.  자주가고 싶은 곳입니다.  모임이 있을때마다 예약하고 가려구요.  흑석동에 이러한 레스토랑이 있어 좋으네요.  11월초 모임예약 미
리하고 나왔습니다.",서울특별시 동작구 서달로14길 12 (흑석동),1건
더 큐어링,양식,너무 잘 마시고 먹었어요! 진짜 와인도 너무 좋고 메뉴 전부다 만족❤️,서울특별시 동작구 서달로14길 12 (흑석동),1건
이수곱창,"곱창,막창,양",곱창 막창 먹었고 맛은 쏘쏘였는데 남은 물통에 그대로 정수기에서 물 담아서 냉장고에 넣으시는 걸 봤어요.... ,서울특별시 동작구 동작대로27가길 6-4 (사당동),35건
이수곱창,"곱창,막창,양",양이 너무 적어요ㅠ 맛도 그저그렇고 ..,서울특별시 동작구 동작대로27가길 6-4 (사당동),35건
이수곱창,"곱창,막창,양",,서울특별시 동작구 동작대로27가길 6-4 (사당동),35건
이수곱창,"곱창,막창,양",또 먹으러왔어요~~,서울특별시 동작구 동작대로27가길 6-4 (사당동),35건
이수곱창,"곱창,막창,양",ㅎㅎ,서울특별시 동작구 동작대로27가길 6-4 (사당동),35건
이수곱창,"곱창,막창,양",,서울특별시 동작구 동작대로27가길 6-4 (사당동),35건
이수곱창,"곱창,막창,양",이수가서 먹는 최고의 곱창집,서울특별시 동작구 동작대로27가길 6-4 (사당동),35건
이수곱창,"곱창,막창,양",굿,서울특별시 동작구 동작대로27가길 6-4 (사당동),35건
이수곱창,"곱창,막창,양",잘먹었습니다~~~~~,서울특별시 동작구 동작대로27가길 6-4 (사당동),35건
이수곱창,"곱창,막창,양","곱창이 정말 맛있습니다! 그리고 저는 한맥을 굉장히 좋아하는데 한맥을 먹을 수 있는 가게라 더욱 좋았습니다! 손님 취향에 맞춰 음식, 술을 준비해두시는 사장님 센스 짱이에요👍",서울특별시 동작구 동작대로27가길 6-4 (사당동),35건
이수곱창,"곱창,막창,양",정말 친절하시고! !! 정말 맛있고!!! 어렸을 때 먹던 떡볶이집을 다시 찾은 너낌:),서울특별시 동작구 동작대로27가길 6-4 (사당동),35건
이수곱창,"곱창,막창,양",맛있었어요 ,서울특별시 동작구 동작대로27가길 6-4 (사당동),35건
이수곱창,"곱창,막창,양","친구가 맛있다고 해서 따라왔는데 진짜 맛있네요 ㅎㅎㅎ
잘 먹고 갑니다~ 나중에 회사 회식장소로도 좋을거같아요!",서울특별시 동작구 동작대로27가길 6-4 (사당동),35건
이수곱창,"곱창,막창,양",ㅂㄹ,서울특별시 동작구 동작대로27가길 6-4 (사당동),35건
이수곱창,"곱창,막창,양",곱창맛집입니다~~최고최고 너무 맛있어요,서울특별시 동작구 동작대로27가길 6-4 (사당동),35건
이수곱창,"곱창,막창,양",한맥 있어서 좋았어요~!! 곱창도 신선하고 맛있었습니다~!!,서울특별시 동작구 동작대로27가길 6-4 (사당동),35건
이수곱창,"곱창,막창,양",양도 많고 사장님이 친절하세요. 곱창에 시원한 맥주 한잔 기가 막히네요!!,서울특별시 동작구 동작대로27가길 6-4 (사당동),35건
이수곱창,"곱창,막창,양",곱창도 맛있지만 한맥이 있어서 좋았어요 맥주는 한맥인거같아요,서울특별시 동작구 동작대로27가길 6-4 (사당동),35건
이수곱창,"곱창,막창,양",냄새도안나고 고소하면서 쫄깃해요!,서울특별시 동작구 동작대로27가길 6-4 (사당동),35건
이수곱창,"곱창,막창,양",친절하고 좋아요,서울특별시 동작구 동작대로27가길 6-4 (사당동),35건
이수곱창,"곱창,막창,양",곱창 찐맛 잘먹었어요~~,서울특별시 동작구 동작대로27가길 6-4 (사당동),35건
이수곱창,"곱창,막창,양",찐 맛집 !!,서울특별시 동작구 동작대로27가길 6-4 (사당동),35건
이수곱창,"곱창,막창,양","가격대비 양이 많은 편은 아니어서 아쉬웠지만
볶음밥 까지 맛있게 먹었어요!",서울특별시 동작구 동작대로27가길 6-4 (사당동),35건
이수곱창,"곱창,막창,양",오랜만에 먹는데 맛있습니다!!,서울특별시 동작구 동작대로27가길 6-4 (사당동),35건
이수곱창,"곱창,막창,양",사장님 왕 친절하셔요,서울특별시 동작구 동작대로27가길 6-4 (사당동),35건
이수곱창,"곱창,막창,양",좋아요,서울특별시 동작구 동작대로27가길 6-4 (사당동),35건
이수곱창,"곱창,막창,양",곱창 맛집,서울특별시 동작구 동작대로27가길 6-4 (사당동),35건
이수곱창,"곱창,막창,양",맛있는데 너무 비싼... ㅎㅎㅎㅎ,서울특별시 동작구 동작대로27가길 6-4 (사당동),35건
이수곱창,"곱창,막창,양","색다른맛, 곱창에 소주한잔 좋아요",서울특별시 동작구 동작대로27가길 6-4 (사당동),35건
이수곱창,"곱창,막창,양",맛잇어요 헤헤,서울특별시 동작구 동작대로27가길 6-4 (사당동),35건
다올집,한식,"쏘울 맛집 발견... 쏘울푸드 쏘울키친 쏘울풀해요 
된찌가 진짜 달라요 재료 모든게 신선하고 짜지않고 맛있어요 서비스도 알잘딱깔쎈 이에요 강추 2인분에 500그람 실화인가요 ",서울특별시 동작구 사당로30길 100 (사당동),0건
다올집,한식,밑반찬도 맛나고 오징어 볶음도 맛있어요,서울특별시 동작구 사당로30길 100 (사당동),0건
다올집,한식,첨 갔는데 사장님이 넘 친근하셔서 기억에 남아요 ㅋㅋㅋ 청결에 신경쓰신 것 같아 좋았구 김치삼겹살 잘 먹었습니다!!,서울특별시 동작구 사당로30길 100 (사당동),0건
다올집,한식,굿,서울특별시 동작구 사당로30길 100 (사당동),0건
다올집,한식,두루치기 정말 맛있어요~,서울특별시 동작구 사당로30길 100 (사당동),0건
다올집,한식,좋아요 ,서울특별시 동작구 사당로30길 100 (사당동),0건
다올집,한식,"사당동 15년차 30번정도가보고남기는 생애첫 음식집리뷰 1.사장님이청결 깨끗을 엄청 신경을많이쓰심 그릇맨날광나고 수저 특히 늘소독해서 
종이 깨끗히 씌워놓으심 2.삼겹살특히 밖에서먹은것중 단연1등 오죽하면 이런고기어디서사냐고 물어봄 양도 1인분이250그램에혜자가격 굽는
솥도심지어 가마솥뚜껑 울엄마 여기서먹고 뚜껑사러갓음 3.지인에게소개를 10명정도해줫는데 열이면열 너무만족하고단골됨 세상까다로...",서울특별시 동작구 사당로30길 100 (사당동),0건
다올집,한식,.,서울특별시 동작구 사당로30길 100 (사당동),0건
다올집,한식,좋아요.,서울특별시 동작구 사당로30길 100 (사당동),0건
다올집,한식,"제육도 고기가 야들야들함!
쌈도 종류별로 주시고  넘 맛있음
수저도  하나하나 포장되어있어서 코시국에 배려가  굿",서울특별시 동작구 사당로30길 100 (사당동),0건
다올집,한식,맛있어요,서울특별시 동작구 사당로30길 100 (사당동),0건
다올집,한식,.,서울특별시 동작구 사당로30길 100 (사당동),0건
다올집,한식,.,서울특별시 동작구 사당로30길 100 (사당동),0건
다올집,한식,.,서울특별시 동작구 사당로30길 100 (사당동),0건
다올집,한식,.,서울특별시 동작구 사당로30길 100 (사당동),0건
다올집,한식,굿,서울특별시 동작구 사당로30길 100 (사당동),0건
다올집,한식,"오징어볶음 검색하다 찾은 집.
대체적으로 좀 짠 듯하지만 개취!
반찬도 다 맛있도 안주용인듯ㅋㅋ",서울특별시 동작구 사당로30길 100 (사당동),0건
다올집,한식,맛있어요,서울특별시 동작구 사당로30길 100 (사당동),0건
다올집,한식,"모든 메뉴가 맛있습니다.
사장님도  엄청  친절하세요.
숨은  맛집",서울특별시 동작구 사당로30길 100 (사당동),0건
다올집,한식,.,서울특별시 동작구 사당로30길 100 (사당동),0건
다올집,한식,좋아요,서울특별시 동작구 사당로30길 100 (사당동),0건
다올집,한식,깔끔하고 맛있어요,서울특별시 동작구 사당로30길 100 (사당동),0건
다올집,한식,깔끔하고 맛있어요,서울특별시 동작구 사당로30길 100 (사당동),0건
다올집,한식,"오징어 볶음 정말실함!
무엇보다 사장님이 음식을 엄청 깔끔하게 하심
남자사장님은  넘 친절하심",서울특별시 동작구 사당로30길 100 (사당동),0건
다올집,한식,좋아요,서울특별시 동작구 사당로30길 100 (사당동),0건
다올집,한식,가성비 최고입니다!! 오징어 양념 맛도 너무 맛있고 요즘 시대에 7천원에 된장 찌개도 제공 되고 오징어도 실하다니! 안 갈 이유가 없어요 집만 가까우면 또 가고 싶다!!,서울특별시 동작구 사당로30길 100 (사당동),0건
다올집,한식,조아요,서울특별시 동작구 사당로30길 100 (사당동),0건
다올집,한식,반찬도 깔끔하고 맛있어요~!,서울특별시 동작구 사당로30길 100 (사당동),0건
다올집,한식,완전 맛있어요 ㅎㅎ 국물도 시원하고 최고!,서울특별시 동작구 사당로30길 100 (사당동),0건
다올집,한식,맛있어요,서울특별시 동작구 사당로30길 100 (사당동),0건
포마토김밥,김밥,무난하게 한끼 먹기 괜찮아요,서울특별시 동작구 보라매로 106 (신대방동),0건
포마토김밥,김밥,제육덮밥 맛있어요,서울특별시 동작구 보라매로 106 (신대방동),0건
포마토김밥,김밥,거리좋,서울특별시 동작구 보라매로 106 (신대방동),0건
포마토김밥,김밥,"여기 돈까스 오므라이스 강추해요!!
다른 음식들도 맛있어요. 
순두부찌개, 육개장도 드셔보세요 ㅎㅎ",서울특별시 동작구 보라매로 106 (신대방동),0건
포마토김밥,김밥,,서울특별시 동작구 보라매로 106 (신대방동),0건
포마토김밥,김밥,좋아요,서울특별시 동작구 보라매로 106 (신대방동),0건
포마토김밥,김밥,포마토김밥 좋아해서 자주가는데..김밥3500/라면3500인데 라면에 파한조각없고.. 김밥저렇게얇은... 가격은오르는데 퀄리티는 떨어져가서 아쉽네요,서울특별시 동작구 보라매로 106 (신대방동),0건
포마토김밥,김밥,국,서울특별시 동작구 보라매로 106 (신대방동),0건
포마토김밥,김밥,아싷어여,서울특별시 동작구 보라매로 106 (신대방동),0건
포마토김밥,김밥,굿굿,서울특별시 동작구 보라매로 106 (신대방동),0건
포마토김밥,김밥,좋아요,서울특별시 동작구 보라매로 106 (신대방동),0건
포마토김밥,김밥,분식집이 없어서...,서울특별시 동작구 보라매로 106 (신대방동),0건
포마토김밥,김밥,걍 가성비로가는곳,서울특별시 동작구 보라매로 106 (신대방동),0건
포마토김밥,김밥,김밥 포장주문해서 자주 방문하는곳이에요,서울특별시 동작구 보라매로 106 (신대방동),0건
포마토김밥,김밥,굿,서울특별시 동작구 보라매로 106 (신대방동),0건
포마토김밥,김밥,사람많은데 썩 친절하시진 않아요.. 주변 분식집이 별로없어 선택지가ㅜ,서울특별시 동작구 보라매로 106 (신대방동),0건
포마토김밥,김밥,굿,서울특별시 동작구 보라매로 106 (신대방동),0건
포마토김밥,김밥,좋아요,서울특별시 동작구 보라매로 106 (신대방동),0건
포마토김밥,김밥,좋아요,서울특별시 동작구 보라매로 106 (신대방동),0건
포마토김밥,김밥,굿,서울특별시 동작구 보라매로 106 (신대방동),0건
포마토김밥,김밥,참치김밥 조금 짰지만 괜찮아요!,서울특별시 동작구 보라매로 106 (신대방동),0건
포마토김밥,김밥,ㅂ,서울특별시 동작구 보라매로 106 (신대방동),0건
포마토김밥,김밥,맛있어요,서울특별시 동작구 보라매로 106 (신대방동),0건
포마토김밥,김밥,항상맛있게먹어요! 일주일 두세번은 가는데 처음으로 리뷰남겨요! 요샌 9시전에 영업종료하시는거같아 슬퍼요ㅠㅠㅠ그리고 포장주문하려고 찾으면 신대방역점으로 나와서 멈칫하게되서 수정되면 더 좋겠네용 오래오래 영업해주세요!!!!👍,서울특별시 동작구 보라매로 106 (신대방동),0건
포마토김밥,김밥,굳.,서울특별시 동작구 보라매로 106 (신대방동),0건
포마토김밥,김밥,착한가격,서울특별시 동작구 보라매로 106 (신대방동),0건
포마토김밥,김밥,좋아용,서울특별시 동작구 보라매로 106 (신대방동),0건
포마토김밥,김밥,여긴 매번 영수증리뷰하기 불편 ㅜ 인식이 잘 안되서.. 일부러이러는지ㅜㅜ,서울특별시 동작구 보라매로 106 (신대방동),0건
포마토김밥,김밥,쫄면과 주먹밥을 먹었는데 맛있어요. 강추!,서울특별시 동작구 보라매로 106 (신대방동),0건
포마토김밥,김밥,가격도 괜찮고 맛있습니다.,서울특별시 동작구 보라매로 106 (신대방동),0건
남도미가,한식,대구지리 맛있네요,서울특별시 동작구 노량진로12길 4-1 (노량진동),2건
남도미가,한식,반찬도 맛있고 양도 푸짐해요,서울특별시 동작구 노량진로12길 4-1 (노량진동),2건
남도미가,한식,👍,서울특별시 동작구 노량진로12길 4-1 (노량진동),2건
남도미가,한식,"생대구탕 너무 맛있습니댜
반찬도 맛있어서 종종 가지요",서울특별시 동작구 노량진로12길 4-1 (노량진동),2건
남도미가,한식,생선구이 넘맛,서울특별시 동작구 노량진로12길 4-1 (노량진동),2건
남도미가,한식,남도미가 아구찜중자 예전에 가끔 맛있어서 갔는데 예전맛이 아님 동네 가성비 좋은곳보다도 별로였음,서울특별시 동작구 노량진로12길 4-1 (노량진동),2건
남도미가,한식,생대구탕 먹음 양이 많고 맛도 조음 무척 든든해서 저녁생각이 없게 함 사람 없을때 가서 먹으면 좋음,서울특별시 동작구 노량진로12길 4-1 (노량진동),2건
남도미가,한식,굿,서울특별시 동작구 노량진로12길 4-1 (노량진동),2건
남도미가,한식,회사 근처라 점심먹으러 처음 방문했는데 점심식사로는 부담인 가격에 생선구이인데 맛도 갈치에서 홍어맛이 섞여나고 돌솥밥도 물어보지도 않고 주시고는 추가로 금액을 받으시더라구요..불친절히시고.. 이런 경우는 처음이라 리뷰남깁니다.,서울특별시 동작구 노량진로12길 4-1 (노량진동),2건
남도미가,한식,좋아요,서울특별시 동작구 노량진로12길 4-1 (노량진동),2건
남도미가,한식,갈치조림 맛나요,서울특별시 동작구 노량진로12길 4-1 (노량진동),2건
남도미가,한식,넘맞있습니다,서울특별시 동작구 노량진로12길 4-1 (노량진동),2건
남도미가,한식,"맛은 있으나, 친절하시지는 않네요!!",서울특별시 동작구 노량진로12길 4-1 (노량진동),2건
남도미가,한식,굿,서울특별시 동작구 노량진로12길 4-1 (노량진동),2건
남도미가,한식,좋아여,서울특별시 동작구 노량진로12길 4-1 (노량진동),2건
남도미가,한식,굿,서울특별시 동작구 노량진로12길 4-1 (노량진동),2건
남도미가,한식,"남도미가
노량진",서울특별시 동작구 노량진로12길 4-1 (노량진동),2건
남도미가,한식,해물이 신선하고 실해요~,서울특별시 동작구 노량진로12길 4-1 (노량진동),2건
남도미가,한식,친절하고 맛있어요~~,서울특별시 동작구 노량진로12길 4-1 (노량진동),2건
추억의통치킨,"치킨,닭강정",좋아요 ,서울특별시 동작구 동작대로7길 11 (사당동),2건
추억의통치킨,"치킨,닭강정",.,서울특별시 동작구 동작대로7길 11 (사당동),2건
추억의통치킨,"치킨,닭강정",가성비가 좋아 가끔 애용합니다,서울특별시 동작구 동작대로7길 11 (사당동),2건
추억의통치킨,"치킨,닭강정",좋아요 ,서울특별시 동작구 동작대로7길 11 (사당동),2건
추억의통치킨,"치킨,닭강정",치킨 골뱅이 굿,서울특별시 동작구 동작대로7길 11 (사당동),2건
추억의통치킨,"치킨,닭강정",굿,서울특별시 동작구 동작대로7길 11 (사당동),2건
추억의통치킨,"치킨,닭강정",맛있어요,서울특별시 동작구 동작대로7길 11 (사당동),2건
추억의통치킨,"치킨,닭강정",늘 너무 맛있게 먹어요 바삭바삭,서울특별시 동작구 동작대로7길 11 (사당동),2건
추억의통치킨,"치킨,닭강정",괜찮네요,서울특별시 동작구 동작대로7길 11 (사당동),2건
추억의통치킨,"치킨,닭강정",가끔 맥주 생각 나면,서울특별시 동작구 동작대로7길 11 (사당동),2건
추억의통치킨,"치킨,닭강정","좋아요
맛나요",서울특별시 동작구 동작대로7길 11 (사당동),2건
추억의통치킨,"치킨,닭강정","좋아요
좋아요",서울특별시 동작구 동작대로7길 11 (사당동),2건
추억의통치킨,"치킨,닭강정","다리반.날개반
맛나요.",서울특별시 동작구 동작대로7길 11 (사당동),2건
추억의통치킨,"치킨,닭강정",맛있어요,서울특별시 동작구 동작대로7길 11 (사당동),2건
소품은돼지,"육류,고기요리","고기가 연하고 맛있어요. 된장찌개도 더 달라고 하면 리필해주고, 반찬도 보시고 없다 싶으면 채워주세요. 너무 바쁘지 않으면 말이죠. 고기 맛집으로 추천합니다. ",서울특별시 동작구 상도로15길 143 (상도동),28건
소품은돼지,"육류,고기요리",반찬도 깔끔하고 고기도 맛있어요,서울특별시 동작구 상도로15길 143 (상도동),28건
소품은돼지,"육류,고기요리",ㅈㅁㅌ!! 양념갈비랑 껍데기 넘 맛나요,서울특별시 동작구 상도로15길 143 (상도동),28건
소품은돼지,"육류,고기요리",양 은 적지만 그냥저냥 깔끔하네요.,서울특별시 동작구 상도로15길 143 (상도동),28건
소품은돼지,"육류,고기요리",맛잇어요 추천,서울특별시 동작구 상도로15길 143 (상도동),28건
소품은돼지,"육류,고기요리",맛있고 깔끔하고 착한가격이고 완벽 ㅋ,서울특별시 동작구 상도로15길 143 (상도동),28건
소품은돼지,"육류,고기요리",언제나 맛있다.친절하고.불조절은 잘해야함.,서울특별시 동작구 상도로15길 143 (상도동),28건
소품은돼지,"육류,고기요리",😄,서울특별시 동작구 상도로15길 143 (상도동),28건
소품은돼지,"육류,고기요리",맛있게 먹음,서울특별시 동작구 상도로15길 143 (상도동),28건
소품은돼지,"육류,고기요리",ㅋㅋ,서울특별시 동작구 상도로15길 143 (상도동),28건
소품은돼지,"육류,고기요리",굿,서울특별시 동작구 상도로15길 143 (상도동),28건
소품은돼지,"육류,고기요리",좋아요,서울특별시 동작구 상도로15길 143 (상도동),28건
소품은돼지,"육류,고기요리",맛있어요 ,서울특별시 동작구 상도로15길 143 (상도동),28건
소품은돼지,"육류,고기요리",😄,서울특별시 동작구 상도로15길 143 (상도동),28건
소품은돼지,"육류,고기요리",굿,서울특별시 동작구 상도로15길 143 (상도동),28건
소품은돼지,"육류,고기요리",좋아요,서울특별시 동작구 상도로15길 143 (상도동),28건
소품은돼지,"육류,고기요리",좋아요 ,서울특별시 동작구 상도로15길 143 (상도동),28건
소품은돼지,"육류,고기요리",음식 깔끔하게 나오며 맛있어요~ 요*르트도 주니 맛있게 먹고 소화되는 기분 들어 더 좋더라구요. 대접받는 기분드네요ㅎㅎ,서울특별시 동작구 상도로15길 143 (상도동),28건
소품은돼지,"육류,고기요리",둥굴레차 맛있어요.,서울특별시 동작구 상도로15길 143 (상도동),28건
소품은돼지,"육류,고기요리",굿,서울특별시 동작구 상도로15길 143 (상도동),28건
소품은돼지,"육류,고기요리",ㄱㅅ,서울특별시 동작구 상도로15길 143 (상도동),28건
소품은돼지,"육류,고기요리",맛있어요 ,서울특별시 동작구 상도로15길 143 (상도동),28건
소품은돼지,"육류,고기요리",굿,서울특별시 동작구 상도로15길 143 (상도동),28건
소품은돼지,"육류,고기요리",굿,서울특별시 동작구 상도로15길 143 (상도동),28건
소품은돼지,"육류,고기요리",맛있어요~,서울특별시 동작구 상도로15길 143 (상도동),28건
소품은돼지,"육류,고기요리",기대 안하고 갔는데 가성비 좋아요! 직원분들도 친절해요!,서울특별시 동작구 상도로15길 143 (상도동),28건
소품은돼지,"육류,고기요리",조아요,서울특별시 동작구 상도로15길 143 (상도동),28건
소품은돼지,"육류,고기요리",맛있어요,서울특별시 동작구 상도로15길 143 (상도동),28건
소품은돼지,"육류,고기요리",좋아요,서울특별시 동작구 상도로15길 143 (상도동),28건
소품은돼지,"육류,고기요리",,서울특별시 동작구 상도로15길 143 (상도동),28건
불난떡볶이 노량진점,떡볶이,"사장님께서 너무 친절하세요
잘 먹겠습니다~~",서울특별시 동작구 노량진로8길 36 (노량진동),0건
불난떡볶이 노량진점,떡볶이,닭볶음탕 맛있오요,서울특별시 동작구 노량진로8길 36 (노량진동),0건
불난떡볶이 노량진점,떡볶이,양도 많고 맛있어요!! 다양한 세트메뉴가 있어서 좋아요!!,서울특별시 동작구 노량진로8길 36 (노량진동),0건
불난떡볶이 노량진점,떡볶이,너무 맛있어서 한입먹어보고 리뷰 남겨요 남자 혼자라 주문음식 자주 먹곤 하는해요 리류 처음 남기는건데요 너무 맛있어서 남겨요 평소 음식을 싱겁게먹는 편임 양도많고 맛고 짜지도 달지도 않음 제 입맛에는 너무 맛있어요 사장님이 친절도 하시구 쿨피스도 서비로 하나 주셨음 ㅎㅎ 번창하시고 많이파셔요~^^ 참고로 전2단계했눈데 딱 맛는거 같음,서울특별시 동작구 노량진로8길 36 (노량진동),0건
불난떡볶이 노량진점,떡볶이,"가성비 최악의 떡볶이 집 음식이 나오고 손도 안된 상태에서 촬영한 사진입니다. 얼마처럼 보이시나요? 위의 떡순튀+쥬시쿨이 14,000원입니다. (
배달×, 홀 ㅇ) 혹시 제가 혼자가서 남길까봐 적게 나온거냐 물어보니 이게 정량이라고 합니다. 사진 혹은 그릇때문에 작게보이는건가 싶으신 분들
도 있겠지만 그냥 딱 1인분입니다.  위 프렌차이즈에서 대표로 파는 떡볶이는 13000원인데 4명이서 먹는양이지만 이건 원래 1인분 양이며 ...",서울특별시 동작구 노량진로8길 36 (노량진동),0건
불난떡볶이 노량진점,떡볶이,ㅎ,서울특별시 동작구 노량진로8길 36 (노량진동),0건
불난떡볶이 노량진점,떡볶이,떡볶이도 맛있고 사장님도 친절하시고 서비스도 잘해주세요! ,서울특별시 동작구 노량진로8길 36 (노량진동),0건
불난떡볶이 노량진점,떡볶이,안맵고 맛있어요  사장님도 친절하시고 서비스도 잘해주세요,서울특별시 동작구 노량진로8길 36 (노량진동),0건
불난떡볶이 노량진점,떡볶이,맛있고 친절해요~,서울특별시 동작구 노량진로8길 36 (노량진동),0건
불난떡볶이 노량진점,떡볶이,맛있어요,서울특별시 동작구 노량진로8길 36 (노량진동),0건
불난떡볶이 노량진점,떡볶이,음식 깔끔하구 맛있어요 특히 떡볶이 국물이 무슨 사골국물 마냥 시원해요 진짜 맛나서 한동안은 여기서만 시켜먹었어요 이사가서 자주 못먹는게 아쉽네여,서울특별시 동작구 노량진로8길 36 (노량진동),0건
불난떡볶이 노량진점,떡볶이,맛있게 매워요,서울특별시 동작구 노량진로8길 36 (노량진동),0건
불난떡볶이 노량진점,떡볶이,맛있어요,서울특별시 동작구 노량진로8길 36 (노량진동),0건
불난떡볶이 노량진점,떡볶이,,서울특별시 동작구 노량진로8길 36 (노량진동),0건
불난떡볶이 노량진점,떡볶이,,서울특별시 동작구 노량진로8길 36 (노량진동),0건
불난떡볶이 노량진점,떡볶이,,서울특별시 동작구 노량진로8길 36 (노량진동),0건
불난떡볶이 노량진점,떡볶이,좋아요,서울특별시 동작구 노량진로8길 36 (노량진동),0건
불난떡볶이 노량진점,떡볶이,맛있어요,서울특별시 동작구 노량진로8길 36 (노량진동),0건
